label href,label src,name,name href,type_id,city,active,zipcode
https://untappd.com/venue/3599680,https://ss3.4sqi.net/img/categories_v2/nightlife/pub_bg_512.png,Bar Le Green,https://untappd.com/venue/3599680,1,Arzon,TRUE,56640
https://untappd.com/venue/1998017,https://ss3.4sqi.net/img/categories_v2/nightlife/pub_bg_512.png,L'Escale,https://untappd.com/venue/1998017,1,Audierne,TRUE,29770
https://untappd.com/venue/8950222,https://ss3.4sqi.net/img/categories_v2/nightlife/pub_bg_512.png,Bar de la Mer,https://untappd.com/venue/8950222,1,Audierne,TRUE,29770
https://untappd.com/venue/9126900,https://ss3.4sqi.net/img/categories_v2/shops/food_grocery_bg_512.png,E.leclerc,https://untappd.com/venue/9126900,5,Audierne,TRUE,29770
https://untappd.com/venue/5288039,https://ss3.4sqi.net/img/categories_v2/shops/food_wineshop_bg_512.png,V&B Auray (V and B Auray),https://untappd.com/venue/5288039,1,Auray,TRUE,56400
https://untappd.com/venue/2895873,https://ss3.4sqi.net/img/categories_v2/nightlife/pub_bg_512.png,Le Cabestan,https://untappd.com/venue/2895873,1,Bangor,TRUE,56360
https://untappd.com/venue/1944401,https://ss3.4sqi.net/img/categories_v2/nightlife/pub_bg_512.png,Le Transat,https://untappd.com/venue/1944401,1,Bénodet,TRUE,29950
https://untappd.com/venue/8044904,https://ss3.4sqi.net/img/categories_v2/nightlife/pub_bg_512.png,Le Bar,https://untappd.com/venue/8044904,1,Bénodet,TRUE,29950
https://untappd.com/venue/7870980,https://ss3.4sqi.net/img/categories_v2/nightlife/pub_bg_512.png,Chez Charly,https://untappd.com/venue/7870980,1,Binic,TRUE,22520
https://untappd.com/venue/1212462,https://ss3.4sqi.net/img/categories_v2/nightlife/pub_bg_512.png,Les Fauvettes,https://untappd.com/v/les-fauvettes/1212462,1,Brest,TRUE,29200
https://untappd.com/venue/5486758,https://ss3.4sqi.net/img/categories_v2/nightlife/pub_bg_512.png,Le Gueule De Bois,https://untappd.com/venue/5486758,1,Brest,TRUE,29200
https://untappd.com/venue/1071131,https://ss3.4sqi.net/img/categories_v2/nightlife/pub_bg_512.png,Blind Piper Pub,https://untappd.com/venue/1071131,1,Brest,TRUE,29200
https://untappd.com/venue/1704344,https://ss3.4sqi.net/img/categories_v2/nightlife/pub_bg_512.png,Tir Na N'og,https://untappd.com/venue/1704344,1,Brest,TRUE,29200
https://untappd.com/venue/1644187,https://ss3.4sqi.net/img/categories_v2/nightlife/pub_bg_512.png,Tour du Monde,https://untappd.com/venue/1644187,1,Brest,TRUE,29200
https://untappd.com/venue/8957551,https://ss3.4sqi.net/img/categories_v2/nightlife/pub_bg_512.png,Fabrik 1801,https://untappd.com/venue/8957551,1,Brest,TRUE,29200
https://untappd.com/venue/7281176,https://ss3.4sqi.net/img/categories_v2/nightlife/pub_bg_512.png,La Maison Bleue,https://untappd.com/venue/7281176,1,Brest,TRUE,29200
https://untappd.com/venue/534153,https://ss3.4sqi.net/img/categories_v2/nightlife/pub_bg_512.png,Les Quatre Vents,https://untappd.com/venue/534153,1,Brest,TRUE,29200
https://untappd.com/venue/4271043,https://ss3.4sqi.net/img/categories_v2/nightlife/pub_bg_512.png,Baradozic,https://untappd.com/venue/4271043,1,Brest,TRUE,29200
https://untappd.com/venue/3271673,https://ss3.4sqi.net/img/categories_v2/nightlife/pub_bg_512.png,Casa Havana,https://untappd.com/venue/3271673,1,Brest,TRUE,29200
https://untappd.com/venue/12207857,https://ss3.4sqi.net/img/categories_v2/nightlife/pub_bg_512.png,Pipeline,https://untappd.com/venue/12207857,1,Brest,TRUE,29200
https://untappd.com/venue/1065372,https://ss3.4sqi.net/img/categories_v2/nightlife/pub_bg_512.png,Hamilton,https://untappd.com/venue/1065372,1,Brest,TRUE,29200
https://untappd.com/venue/3373959,https://ss3.4sqi.net/img/categories_v2/nightlife/pub_bg_512.png,Les Mouettes,https://untappd.com/venue/3373959,1,Brest,TRUE,29200
https://untappd.com/venue/5178802,https://ss3.4sqi.net/img/categories_v2/nightlife/pub_bg_512.png,Le Thalassa,https://untappd.com/venue/5178802,1,Brest,TRUE,29200
https://untappd.com/venue/10123922,https://ss3.4sqi.net/img/categories_v2/nightlife/pub_bg_512.png,Délirium Café,https://untappd.com/venue/10123922,1,Brest,TRUE,29200
https://untappd.com/venue/9275583,https://ss3.4sqi.net/img/categories_v2/nightlife/pub_bg_512.png,Poem,https://untappd.com/venue/9275583,1,Brest,TRUE,29200
https://untappd.com/venue/7846436,https://ss3.4sqi.net/img/categories_v2/nightlife/pub_bg_512.png,La Coloc',https://untappd.com/venue/7846436,1,Brest,TRUE,29200
https://untappd.com/venue/7584301,https://ss3.4sqi.net/img/categories_v2/nightlife/pub_bg_512.png,The Cottage,https://untappd.com/venue/7584301,1,Brest,TRUE,29200
https://untappd.com/venue/1299449,https://ss3.4sqi.net/img/categories_v2/nightlife/pub_bg_512.png,The Tara Inn,https://untappd.com/venue/1299449,1,Brest,TRUE,29200
https://untappd.com/venue/1963522,https://ss3.4sqi.net/img/categories_v2/nightlife/pub_bg_512.png,The Dubliners,https://untappd.com/venue/1963522,1,Brest,TRUE,29200
https://untappd.com/venue/1432786,https://ss3.4sqi.net/img/categories_v2/nightlife/pub_bg_512.png,Mc Guigan's,https://untappd.com/venue/1432786,1,Brest,TRUE,29200
https://untappd.com/venue/1498932,https://ss3.4sqi.net/img/categories_v2/nightlife/sportsbar_bg_512.png,Arena Café,https://untappd.com/venue/1498932,1,Brest,TRUE,29200
https://untappd.com/venue/3806556,https://ss3.4sqi.net/img/categories_v2/food/winery_bg_512.png,La Ronde des Vins,https://untappd.com/venue/3806556,1,Brest,TRUE,29200
https://untappd.com/venue/7463593,https://ss3.4sqi.net/img/categories_v2/food/winery_bg_512.png,Chez Müller,https://untappd.com/venue/7463593,1,Brest,TRUE,29200
https://untappd.com/venue/8463678,https://ss3.4sqi.net/img/categories_v2/food/winery_bg_512.png,Le RemorKeur,https://untappd.com/venue/8463678,1,Brest,TRUE,29200
https://untappd.com/venue/1960235,https://ss3.4sqi.net/img/categories_v2/nightlife/pub_bg_512.png,La Rhumerie,https://untappd.com/venue/1960235,1,Camaret-sur-Mer,TRUE,29570
https://untappd.com/venue/7193694,https://ss3.4sqi.net/img/categories_v2/nightlife/pub_bg_512.png,L'Espadon,https://untappd.com/venue/7193694,1,Camaret-sur-Mer,TRUE,29570
https://untappd.com/venue/895045,https://ss3.4sqi.net/img/categories_v2/nightlife/pub_bg_512.png,The Donegan,https://untappd.com/venue/895045,1,Camaret-sur-Mer,TRUE,29570
https://untappd.com/venue/4333670,https://ss3.4sqi.net/img/categories_v2/nightlife/pub_bg_512.png,Le Galion,https://untappd.com/venue/4333670,1,Cancale,TRUE,35260
https://untappd.com/venue/11462900,https://ss3.4sqi.net/img/categories_v2/nightlife/pub_bg_512.png,Les Barboteurs,https://untappd.com/venue/11462900,1,Cancale,TRUE,35260
https://untappd.com/venue/2225773,https://ss3.4sqi.net/img/categories_v2/nightlife/pub_bg_512.png,Le Bar'oudeur,https://untappd.com/venue/2225773,1,Carnac,TRUE,56340
https://untappd.com/venue/3259209,https://ss3.4sqi.net/img/categories_v2/nightlife/cocktails_bg_512.png,La Baignoire de Joséphine,https://untappd.com/venue/3259209,1,Carnac,TRUE,56340
https://untappd.com/venue/9462857,https://ss3.4sqi.net/img/categories_v2/nightlife/pub_bg_512.png,V and B Caudan,https://untappd.com/venue/9462857,1,Caudan,TRUE,56600
https://untappd.com/venue/5996111,https://ss3.4sqi.net/img/categories_v2/nightlife/pub_bg_512.png,WhiteFields Café,https://untappd.com/venue/5996111,1,Cesson-Sévigné,TRUE,35510
https://untappd.com/venue/9742873,https://ss3.4sqi.net/img/categories_v2/nightlife/pub_bg_512.png,Chope Et Compagnie,https://untappd.com/venue/9742873,1,Cesson-Sévigné,TRUE,35510
https://untappd.com/venue/1591992,https://ss3.4sqi.net/img/categories_v2/food/winery_bg_512.png,Cave à Flo,https://untappd.com/v/cave-a-flo/1591992,1,Cesson-Sévigné,TRUE,35510
https://untappd.com/venue/4468928,https://ss3.4sqi.net/img/categories_v2/nightlife/pub_bg_512.png,La Pie Muette,https://untappd.com/venue/4468928,1,Chantepie,TRUE,35135
https://untappd.com/venue/9417503,https://ss3.4sqi.net/img/categories_v2/nightlife/pub_bg_512.png,Le Comptoir,https://untappd.com/venue/9417503,1,Châteaubourg,TRUE,35220
https://untappd.com/venue/10051528,https://ss3.4sqi.net/img/categories_v2/nightlife/beergarden_bg_512.png,Buvette,https://untappd.com/venue/10051528,1,Cléden-Cap-Sizun ,TRUE,29770
https://untappd.com/venue/6630029,https://ss3.4sqi.net/img/categories_v2/nightlife/pub_bg_512.png,Ster Laïta,https://untappd.com/venue/6630029,1,Clohars-Carnoët ,TRUE,29360
https://untappd.com/venue/6534282,https://ss3.4sqi.net/img/categories_v2/nightlife/pub_bg_512.png,Le Grand B,https://untappd.com/venue/6534282,1,Combourg ,TRUE,35270
https://untappd.com/venue/11325814,https://ss3.4sqi.net/img/categories_v2/nightlife/pub_bg_512.png,Le Repaire,https://untappd.com/venue/11325814,1,Combourg ,TRUE,35270
https://untappd.com/venue/5263133,https://ss3.4sqi.net/img/categories_v2/nightlife/pub_bg_512.png,La Taverne Des Korrigans,https://untappd.com/venue/5263133,1,Concarneau,TRUE,29900
https://untappd.com/venue/9826631,https://ss3.4sqi.net/img/categories_v2/nightlife/pub_bg_512.png,V and B Concarneau,https://untappd.com/venue/9826631,1,Concarneau,TRUE,29900
https://untappd.com/venue/2074319,https://ss3.4sqi.net/img/categories_v2/nightlife/beergarden_bg_512.png,Brasserie Tri Martolod,https://untappd.com/venue/2074319,3,Concarneau,TRUE,29900
https://untappd.com/venue/6941574,https://ss3.4sqi.net/img/categories_v2/nightlife/beergarden_bg_512.png,Hops And Cheese,https://untappd.com/venue/6941574,3,Concarneau,TRUE,29900
https://untappd.com/venue/1952242,https://ss3.4sqi.net/img/categories_v2/nightlife/cocktails_bg_512.png,Le Comptoir,https://untappd.com/venue/1952242,1,Concarneau,TRUE,29900
https://untappd.com/venue/2241019,https://ss3.4sqi.net/img/categories_v2/nightlife/cocktails_bg_512.png,La Verriere,https://untappd.com/venue/2241019,1,Concarneau,TRUE,29900
https://untappd.com/venue/977257,https://ss3.4sqi.net/img/categories_v2/nightlife/pub_bg_512.png,Bar Les Flots,https://untappd.com/venue/977257,1,Crozon ,TRUE,29160
https://untappd.com/venue/3310460,https://ss3.4sqi.net/img/categories_v2/nightlife/pub_bg_512.png,Café du Port,https://untappd.com/venue/3310460,1,Crozon ,TRUE,29160
https://untappd.com/venue/3613915,https://ss3.4sqi.net/img/categories_v2/nightlife/pub_bg_512.png,Cafe de Bretagne,https://untappd.com/venue/3613915,1,Crozon ,TRUE,29160
https://untappd.com/venue/790085,https://ss3.4sqi.net/img/categories_v2/nightlife/pub_bg_512.png,Le Vieux Saint Sauveur,https://untappd.com/venue/790085,1,Dinan ,TRUE,22100
https://untappd.com/venue/3647807,https://ss3.4sqi.net/img/categories_v2/nightlife/pub_bg_512.png,Le Celtic,https://untappd.com/venue/3647807,1,Dinan ,TRUE,22100
https://untappd.com/venue/9466006,https://ss3.4sqi.net/img/categories_v2/nightlife/pub_bg_512.png,V and B Dinan,https://untappd.com/venue/9466006,1,Dinan ,TRUE,22100
https://untappd.com/venue/578975,https://ss3.4sqi.net/img/categories_v2/nightlife/pub_bg_512.png,Le Skiper,https://untappd.com/venue/578975,1,Dinard ,TRUE,35800
https://untappd.com/venue/10077710,https://ss3.4sqi.net/img/categories_v2/nightlife/pub_bg_512.png,Le Wilson,https://untappd.com/venue/10077710,1,Dinard ,TRUE,35800
https://untappd.com/venue/6519551,https://ss3.4sqi.net/img/categories_v2/nightlife/pub_bg_512.png,"Chez Boris, Café De L'Univers",https://untappd.com/venue/6519551,1,Dol-de-Bretagne ,TRUE,35120
https://untappd.com/venue/6487801,https://ss3.4sqi.net/img/categories_v2/nightlife/pub_bg_512.png,Le Katedral,https://untappd.com/venue/6487801,1,Dol-de-Bretagne ,TRUE,35120
https://untappd.com/venue/3334753,https://ss3.4sqi.net/img/categories_v2/nightlife/pub_bg_512.png,Le Stuart,https://untappd.com/venue/3334753,1,Dol-de-Bretagne ,TRUE,35120
https://untappd.com/venue/4937174,https://ss3.4sqi.net/img/categories_v2/nightlife/pub_bg_512.png,Le Mercure Bar,https://untappd.com/venue/4937174,1,Douarnenez ,TRUE,29100
https://untappd.com/venue/3133422,https://ss3.4sqi.net/img/categories_v2/nightlife/pub_bg_512.png,Le Pourquoi Pas,https://untappd.com/venue/3133422,1,Douarnenez ,TRUE,29100
https://untappd.com/venue/10082368,https://ss3.4sqi.net/img/categories_v2/nightlife/pub_bg_512.png,V and B Douarnenez,https://untappd.com/venue/10082368,1,Douarnenez ,TRUE,29100
https://untappd.com/venue/7956405,https://ss3.4sqi.net/img/categories_v2/nightlife/pub_bg_512.png,Le Coota,https://untappd.com/venue/7956405,1,Erdeven ,TRUE,56410
https://untappd.com/venue/8206366,https://ss3.4sqi.net/img/categories_v2/shops/food_wineshop_bg_512.png,Cave Cellier De L'Odet,https://untappd.com/venue/8206366,1,Ergué-Gabéric ,TRUE,29500
https://untappd.com/venue/6580185,https://ss3.4sqi.net/img/categories_v2/nightlife/pub_bg_512.png,Les pieds dans l'eau,https://untappd.com/venue/6580185,1,Fouesnant ,TRUE,29170
https://untappd.com/venue/10033665,https://ss3.4sqi.net/img/categories_v2/nightlife/pub_bg_512.png,Le Comptoir,https://untappd.com/venue/10033665,1,Fougères ,TRUE,35115
https://untappd.com/venue/9235890,https://ss3.4sqi.net/img/categories_v2/nightlife/pub_bg_512.png,Le Faubourg,https://untappd.com/venue/9235890,1,Fougères ,TRUE,35115
https://untappd.com/venue/6257219,https://ss3.4sqi.net/img/categories_v2/shops/food_wineshop_bg_512.png,V&B (V and B Brest),https://untappd.com/venue/6257219,1,Gouesnou ,TRUE,29061
https://untappd.com/venue/5269676,https://ss3.4sqi.net/img/categories_v2/nightlife/pub_bg_512.png,Le Mojo,https://untappd.com/venue/5269676,1,Groix ,TRUE,56590
https://untappd.com/venue/12293132,"https://images.untp.beer/resize?width=176&height=176&background=255,255,255&extend=white&stripmeta=true&url=https://utfb-images.untappd.com/mbeh07jhoy210pb2itf2uc00clpa?auto=compress",Le Griffin,https://untappd.com/v/le-griffin/12293132,3,Hillion ,TRUE,22120
https://untappd.com/venue/3671748,https://ss3.4sqi.net/img/categories_v2/nightlife/pub_bg_512.png,Le Brittany Pub,https://untappd.com/venue/3671748,1,Huelgoat ,TRUE,29690
https://untappd.com/venue/5033650,https://ss3.4sqi.net/img/categories_v2/nightlife/pub_bg_512.png,Les Triagoz,https://untappd.com/venue/5033650,1,Ile grande ,TRUE,22560
https://untappd.com/venue/7830869,https://ss3.4sqi.net/img/categories_v2/nightlife/pub_bg_512.png,La Bouteille À La Mer,https://untappd.com/venue/7830869,1,Ile-de-Bréhat ,TRUE,22870
https://untappd.com/venue/9217218,https://ss3.4sqi.net/img/categories_v2/nightlife/pub_bg_512.png,L’Equipage,https://untappd.com/venue/9217218,1,Ile-de-Bréhat ,TRUE,22870
https://untappd.com/venue/1914723,https://ss3.4sqi.net/img/categories_v2/nightlife/pub_bg_512.png,Le Shamrock,https://untappd.com/venue/1914723,1,Île-de-Bréhat ,TRUE,22870
https://untappd.com/venue/6567236,https://ss3.4sqi.net/img/categories_v2/nightlife/pub_bg_512.png,Café de la plage,https://untappd.com/venue/6567236,1,Île-Tudy ,TRUE,29980
https://untappd.com/venue/5748959,https://ss3.4sqi.net/img/categories_v2/nightlife/pub_bg_512.png,Winch,https://untappd.com/venue/5748959,1,Île-Tudy ,TRUE,29980
https://untappd.com/venue/9095835,https://ss3.4sqi.net/img/categories_v2/nightlife/pub_bg_512.png,La Hune,https://untappd.com/venue/9095835,1,La Forêt-Fouesnant ,TRUE,29940
https://untappd.com/venue/3328168,https://ss3.4sqi.net/img/categories_v2/nightlife/pub_bg_512.png,La Douanerie,https://untappd.com/venue/3328168,1,La Roche-Bernard ,TRUE,56130
https://untappd.com/venue/5213756,https://ss3.4sqi.net/img/categories_v2/nightlife/pub_bg_512.png,Le Rochois,https://untappd.com/venue/5213756,1,La Roche-Bernard ,TRUE,56130
https://untappd.com/venue/6397606,https://ss3.4sqi.net/img/categories_v2/nightlife/pub_bg_512.png,L'Electrorium,https://untappd.com/venue/6397606,1,La Roche-Bernard ,TRUE,56130
https://untappd.com/venue/2735994,https://ss3.4sqi.net/img/categories_v2/nightlife/pub_bg_512.png,L'Étage,https://untappd.com/venue/2735994,1,La Trinité-sur-Mer ,TRUE,56470
https://untappd.com/venue/6190667,https://ss3.4sqi.net/img/categories_v2/nightlife/pub_bg_512.png,Le Carré,https://untappd.com/venue/6190667,1,La Trinité-sur-Mer ,TRUE,56470
https://untappd.com/venue/4945620,https://ss3.4sqi.net/img/categories_v2/nightlife/pub_bg_512.png,Pub Keltia,https://untappd.com/venue/4945620,1,Landerneau ,TRUE,29800
https://untappd.com/venue/1317584,https://ss3.4sqi.net/img/categories_v2/nightlife/pub_bg_512.png,Garden Bier,https://untappd.com/venue/1317584,1,Landerneau ,TRUE,29800
https://untappd.com/venue/7349800,https://ss3.4sqi.net/img/categories_v2/nightlife/pub_bg_512.png,Bock Bidule,https://untappd.com/venue/7349800,1,Lanester ,TRUE,56600
https://untappd.com/venue/9293285,https://ss3.4sqi.net/img/categories_v2/food/winery_bg_512.png,V and B St Brieuc,https://untappd.com/venue/9293285,1,Langueux ,TRUE,22360
https://untappd.com/venue/2647070,https://ss3.4sqi.net/img/categories_v2/shops/food_wineshop_bg_512.png,V&B,https://untappd.com/venue/2647070,1,Langueux ,TRUE,22360
https://untappd.com/venue/5395721,https://ss3.4sqi.net/img/categories_v2/nightlife/pub_bg_512.png,Le Flambard,https://untappd.com/venue/5395721,1,Lannion,TRUE,22300
https://untappd.com/venue/4277124,https://ss3.4sqi.net/img/categories_v2/nightlife/pub_bg_512.png,Les Valseuses,https://untappd.com/venue/4277124,1,Lannion,TRUE,22300
https://untappd.com/venue/11301124,https://ss3.4sqi.net/img/categories_v2/nightlife/pub_bg_512.png,The Breizh Shelter,https://untappd.com/venue/11301124,1,Lannion,TRUE,22300
https://untappd.com/venue/9378906,https://ss3.4sqi.net/img/categories_v2/nightlife/pub_bg_512.png,V and B Lannion,https://untappd.com/venue/9378906,1,Lannion,TRUE,22300
https://untappd.com/venue/9824672,https://ss3.4sqi.net/img/categories_v2/nightlife/beergarden_bg_512.png,le barn’s,https://untappd.com/venue/9824672,1,Lannion,TRUE,22300
https://untappd.com/venue/6211675,https://ss3.4sqi.net/img/categories_v2/nightlife/beergarden_bg_512.png,La Bonne Heure,https://untappd.com/venue/6211675,3,Lannion,TRUE,22300
https://untappd.com/venue/9372759,https://ss3.4sqi.net/img/categories_v2/food/winery_bg_512.png,Le Truc Café,https://untappd.com/venue/9372759,1,Lannion,TRUE,22300
https://untappd.com/venue/10850421,https://ss3.4sqi.net/img/categories_v2/nightlife/beergarden_bg_512.png,Les Rogers Bontemps,https://untappd.com/venue/10850421,1,Lanvallay ,TRUE,22100
https://untappd.com/venue/608579,https://ss3.4sqi.net/img/categories_v2/nightlife/pub_bg_512.png,Le Tour du Monde,https://untappd.com/venue/608579,1,Larmor-Plage ,TRUE,56260
https://untappd.com/venue/1965552,https://ss3.4sqi.net/img/categories_v2/nightlife/pub_bg_512.png,La Godaille,https://untappd.com/venue/1965552,1,Le Palais ,TRUE,56360
https://untappd.com/venue/6636795,https://ss3.4sqi.net/img/categories_v2/nightlife/pub_bg_512.png,Les Irréductibles,https://untappd.com/venue/6636795,1,Le Palais ,TRUE,56360
https://untappd.com/venue/6276573,https://ss3.4sqi.net/img/categories_v2/nightlife/pub_bg_512.png,Le Café de la Plage,https://untappd.com/venue/6276573,1,Le Pouldu ,TRUE,29360
https://untappd.com/venue/5370407,https://ss3.4sqi.net/img/categories_v2/nightlife/pub_bg_512.png,Beer Zone,https://untappd.com/venue/5370407,1,Le Rheu ,TRUE,35650
https://untappd.com/venue/8054293,https://ss3.4sqi.net/img/categories_v2/nightlife/pub_bg_512.png,Bar de la Plage,https://untappd.com/venue/8054293,1,Locmaria ,TRUE,56630
https://untappd.com/venue/5203148,https://ss3.4sqi.net/img/categories_v2/nightlife/pub_bg_512.png,Café Tilly,https://untappd.com/venue/5203148,1,Locquirec ,TRUE,29241
https://untappd.com/venue/10890064,"https://images.untp.beer/resize?width=176&height=176&background=255,255,255&extend=white&stripmeta=true&url=https://utfb-images.untappd.com/e0ubg56we6jd4igyj0g90s5aj928?auto=compress",La Cervoiserie de Lorient,https://untappd.com/v/la-cervoiserie-de-lorient/10890064,1,Lorient,TRUE,56100
https://untappd.com/venue/865206,https://ss3.4sqi.net/img/categories_v2/nightlife/pub_bg_512.png,La Base,https://untappd.com/venue/865206,1,Lorient,TRUE,56100
https://untappd.com/venue/3780694,https://ss3.4sqi.net/img/categories_v2/nightlife/pub_bg_512.png,Shamrock Irish Pub,https://untappd.com/venue/3780694,1,Lorient,TRUE,56100
https://untappd.com/venue/1251193,https://ss3.4sqi.net/img/categories_v2/nightlife/pub_bg_512.png,La Taverne du Roi Morvan,https://untappd.com/venue/1251193,1,Lorient,TRUE,56100
https://untappd.com/venue/9254990,https://ss3.4sqi.net/img/categories_v2/nightlife/pub_bg_512.png,Le Sur Mesure Lorient,https://untappd.com/v/le-sur-mesure-lorient/9254990,1,Lorient,TRUE,56100
https://untappd.com/venue/8161506,https://ss3.4sqi.net/img/categories_v2/nightlife/pub_bg_512.png,Le J'y Bon,https://untappd.com/venue/8161506,1,Lorient,TRUE,56100
https://untappd.com/venue/11187988,https://ss3.4sqi.net/img/categories_v2/nightlife/pub_bg_512.png,La Baleine Deshydratée,https://untappd.com/venue/11187988,1,Lorient,TRUE,56100
https://untappd.com/venue/4433742,https://ss3.4sqi.net/img/categories_v2/food/coffeeshop_bg_512.png,L'alchimiste,https://untappd.com/venue/4433742,1,Lorient,TRUE,56100
https://untappd.com/venue/2805560,https://ss3.4sqi.net/img/categories_v2/nightlife/pub_bg_512.png,The Galway Inn,https://untappd.com/venue/2805560,1,Lorient,TRUE,56100
https://untappd.com/venue/11212613,https://ss3.4sqi.net/img/categories_v2/nightlife/pub_bg_512.png,BDF,https://untappd.com/venue/11212613,1,Lorient,TRUE,56100
https://untappd.com/venue/8477042,https://ss3.4sqi.net/img/categories_v2/shops/food_wineshop_bg_512.png,V&B Cave (V and B Lorient),https://untappd.com/venue/8477042,1,Lorient,TRUE,56100
https://untappd.com/venue/9459617,https://ss3.4sqi.net/img/categories_v2/nightlife/pub_bg_512.png,V and B Loudéac,https://untappd.com/venue/9459617,1,Loudéac ,TRUE,22600
https://untappd.com/venue/6512022,https://ss3.4sqi.net/img/categories_v2/shops/food_grocery_bg_512.png,Super U,https://untappd.com/venue/6512022,5,Mordelles ,TRUE,35310
https://untappd.com/venue/7890602,https://ss3.4sqi.net/img/categories_v2/nightlife/pub_bg_512.png,Le Relais Des Pecheurs,https://untappd.com/venue/7890602,1,Morgat ,TRUE,29160
https://untappd.com/venue/908496,https://ss3.4sqi.net/img/categories_v2/nightlife/pub_bg_512.png,L'Aurore,https://untappd.com/venue/908496,1,Morlaix ,TRUE,29600
https://untappd.com/venue/6632925,https://ss3.4sqi.net/img/categories_v2/nightlife/pub_bg_512.png,Le Brassin Belge,https://untappd.com/venue/6632925,1,Muzillac ,TRUE,56190
https://untappd.com/venue/5018227,https://ss3.4sqi.net/img/categories_v2/nightlife/pub_bg_512.png,Café L'Île Verte,https://untappd.com/venue/5018227,1,Névez ,TRUE,29920
https://untappd.com/venue/10239114,https://ss3.4sqi.net/img/categories_v2/nightlife/pub_bg_512.png,Malt Feteurs,https://untappd.com/venue/10239114,1,Noyal-sur-Vilaine ,TRUE,35530
https://untappd.com/venue/6252741,https://ss3.4sqi.net/img/categories_v2/nightlife/pub_bg_512.png,La Falaise,https://untappd.com/venue/6252741,1,Paimpol ,TRUE,22500
https://untappd.com/venue/4991795,https://ss3.4sqi.net/img/categories_v2/nightlife/pub_bg_512.png,Bar Le Brecilien,https://untappd.com/venue/4991795,1,Paimpont ,TRUE,35380
https://untappd.com/venue/5347165,https://ss3.4sqi.net/img/categories_v2/nightlife/pub_bg_512.png,Le Britannia Pub,https://untappd.com/venue/5347165,1,Perros-Guirec ,TRUE,22700
https://untappd.com/venue/6608332,https://ss3.4sqi.net/img/categories_v2/nightlife/pub_bg_512.png,Bahia Café,https://untappd.com/venue/6608332,1,Perros-Guirec ,TRUE,22700
https://untappd.com/venue/3167619,https://ss3.4sqi.net/img/categories_v2/shops/food_grocery_bg_512.png,Super U,https://untappd.com/venue/3167619,5,Plancoët ,TRUE,22130
https://untappd.com/venue/6631563,https://ss3.4sqi.net/img/categories_v2/nightlife/pub_bg_512.png,Les Bains,https://untappd.com/venue/6631563,1,Pléneuf-Val-André ,TRUE,22370
https://untappd.com/venue/12062068,https://assets.untappd.com/site/assets/images/temp/verfied-venue_bg_176.png?v=1,La Cervoiserie de Plérin,https://untappd.com/v/la-cervoiserie-de-plerin/12062068,1,Plérin ,TRUE,22190
https://untappd.com/venue/5176122,https://ss3.4sqi.net/img/categories_v2/nightlife/pub_bg_512.png,V&B (V and B Plérin),https://untappd.com/venue/5176122,1,Plérin ,TRUE,22190
https://untappd.com/venue/9681245,https://ss3.4sqi.net/img/categories_v2/nightlife/beergarden_bg_512.png,Mar'mousse - Kav & Bar,https://untappd.com/venue/9681245,3,Plérin ,TRUE,22190
https://untappd.com/venue/5605664,https://ss3.4sqi.net/img/categories_v2/nightlife/pub_bg_512.png,Le Quincy,https://untappd.com/venue/5605664,1,Plobannalec ,TRUE,29740
https://untappd.com/venue/6745513,https://ss3.4sqi.net/img/categories_v2/shops/food_grocery_bg_512.png,Super U,https://untappd.com/venue/6745513,5,Plobannalec ,TRUE,29740
https://untappd.com/venue/8044714,https://ss3.4sqi.net/img/categories_v2/shops/food_grocery_bg_512.png,Intermarché SUPER Plomeur et Drive,https://untappd.com/venue/8044714,5,Plomeur ,TRUE,29120
https://untappd.com/venue/7371619,https://ss3.4sqi.net/img/categories_v2/nightlife/sportsbar_bg_512.png,Le Triskell,https://untappd.com/venue/7371619,1,Ploudalmézeau ,TRUE,29830
https://untappd.com/venue/7440308,https://ss3.4sqi.net/img/categories_v2/shops/food_grocery_bg_512.png,Lidl,https://untappd.com/venue/7440308,5,Ploudalmézeau ,TRUE,29830
https://untappd.com/venue/6469208,https://ss3.4sqi.net/img/categories_v2/nightlife/pub_bg_512.png,ArVag,https://untappd.com/venue/6469208,1,Plougrescant ,TRUE,22820
https://untappd.com/venue/4804225,https://ss3.4sqi.net/img/categories_v2/nightlife/pub_bg_512.png,Ty Elise,https://untappd.com/venue/4804225,1,Plouyé ,TRUE,29690
https://untappd.com/venue/8368215,https://ss3.4sqi.net/img/categories_v2/nightlife/pub_bg_512.png,Le Café Noir,https://untappd.com/venue/8368215,1,Pont-Aven ,TRUE,29930
https://untappd.com/venue/5499439,https://ss3.4sqi.net/img/categories_v2/nightlife/pub_bg_512.png,La Mars,https://untappd.com/venue/5499439,1,Pont-l'Abbé ,TRUE,29120
https://untappd.com/venue/9222561,https://ss3.4sqi.net/img/categories_v2/nightlife/pub_bg_512.png,Le Wind,https://untappd.com/venue/9222561,1,Port-Louis ,TRUE,56290
https://untappd.com/venue/7408112,https://ss3.4sqi.net/img/categories_v2/nightlife/pub_bg_512.png,O'DonNeil Irish Pub,https://untappd.com/venue/7408112,1,Portsall ,TRUE,29830
https://untappd.com/venue/7407385,https://ss3.4sqi.net/img/categories_v2/nightlife/pub_bg_512.png,O'donneil Irish Pub,https://untappd.com/venue/7407385,1,Portsall ,TRUE,29830
https://untappd.com/venue/12288978,https://assets.untappd.com/site/assets/images/temp/verfied-venue_bg_176.png?v=1,La Cervoiserie de Dinan,https://untappd.com/v/la-cervoiserie-de-dinan/12288978,1,Quévert ,TRUE,22100
https://untappd.com/venue/8051333,https://ss3.4sqi.net/img/categories_v2/nightlife/pub_bg_512.png,Cafe Hoche,https://untappd.com/venue/8051333,1,Quiberon ,TRUE,56170
https://untappd.com/venue/9210665,https://ss3.4sqi.net/img/categories_v2/nightlife/cocktails_bg_512.png,Un Petit Gout De,https://untappd.com/venue/9210665,1,Quiberon ,TRUE,56170
https://untappd.com/venue/1824290,https://ss3.4sqi.net/img/categories_v2/nightlife/pub_bg_512.png,Ceili,https://untappd.com/venue/1824290,1,Quimper,TRUE,29000
https://untappd.com/venue/5321179,https://ss3.4sqi.net/img/categories_v2/nightlife/pub_bg_512.png,La Maison Jaune,https://untappd.com/venue/5321179,1,Quimper,TRUE,29000
https://untappd.com/venue/3775506,https://ss3.4sqi.net/img/categories_v2/nightlife/pub_bg_512.png,Cafe des Arts,https://untappd.com/venue/3775506,1,Quimper,TRUE,29000
https://untappd.com/venue/3282494,https://ss3.4sqi.net/img/categories_v2/nightlife/pub_bg_512.png,Bar Le Steir,https://untappd.com/venue/3282494,1,Quimper,TRUE,29000
https://untappd.com/venue/3629005,https://ss3.4sqi.net/img/categories_v2/nightlife/pub_bg_512.png,Le Saint Andrew's,https://untappd.com/venue/3629005,1,Quimper,TRUE,29000
https://untappd.com/venue/9351645,https://ss3.4sqi.net/img/categories_v2/nightlife/pub_bg_512.png,V and B Quimper,https://untappd.com/venue/9351645,1,Quimper,TRUE,29000
https://untappd.com/venue/10574932,"https://images.untp.beer/resize?width=176&height=176&background=255,255,255&extend=white&stripmeta=true&url=https://utfb-images.untappd.com/6o0s6sdw5ggfh3s64bhhxjqu6oqr?auto=compress",La Cervoiserie de Quimper,https://untappd.com/v/la-cervoiserie-de-quimper/10574932,1,Quimper,TRUE,29000
https://untappd.com/venue/8210593,https://ss3.4sqi.net/img/categories_v2/nightlife/pub_bg_512.png,Only Bears Craftbeer Pub,https://untappd.com/v/only-bears-craftbeer-pub/8210593,1,Quimper,TRUE,29000
https://untappd.com/venue/6355794,https://ss3.4sqi.net/img/categories_v2/nightlife/pub_bg_512.png,Ty Mousse,https://untappd.com/v/ty-mousse/6355794,1,Quimper,TRUE,29000
https://untappd.com/venue/989593,https://ss3.4sqi.net/img/categories_v2/nightlife/pub_bg_512.png,Finnegan's,https://untappd.com/venue/989593,1,Quimper,TRUE,29000
https://untappd.com/venue/5689533,https://ss3.4sqi.net/img/categories_v2/nightlife/pub_bg_512.png,V&B (V and B Redon),https://untappd.com/venue/5689533,1,Redon ,TRUE,35600
https://untappd.com/venue/7615009,https://ss3.4sqi.net/img/categories_v2/nightlife/pub_bg_512.png,Le Sur Mesure Rennes,https://untappd.com/v/le-sur-mesure-rennes/7615009,1,Rennes,TRUE,35000
https://untappd.com/venue/6206923,https://ss3.4sqi.net/img/categories_v2/nightlife/pub_bg_512.png,Le Coin Mousse,https://untappd.com/v/le-coin-mousse/6206923,1,Rennes,TRUE,35000
https://untappd.com/venue/6559199,https://ss3.4sqi.net/img/categories_v2/nightlife/pub_bg_512.png,Amrok,https://untappd.com/venue/6559199,1,Rennes,TRUE,35000
https://untappd.com/venue/11635396,https://ss3.4sqi.net/img/categories_v2/nightlife/pub_bg_512.png,La Piste,https://untappd.com/venue/11635396,1,Rennes,TRUE,35000
https://untappd.com/venue/1516775,https://ss3.4sqi.net/img/categories_v2/nightlife/pub_bg_512.png,Le Synthi,https://untappd.com/venue/1516775,1,Rennes,TRUE,35000
https://untappd.com/venue/1135583,https://ss3.4sqi.net/img/categories_v2/nightlife/pub_bg_512.png,Le P'tit Vélo,https://untappd.com/venue/1135583,1,Rennes,TRUE,35000
https://untappd.com/venue/1548742,https://ss3.4sqi.net/img/categories_v2/nightlife/pub_bg_512.png,L'Atelier de l'Artiste,https://untappd.com/venue/1548742,1,Rennes,TRUE,35000
https://untappd.com/venue/2353470,https://ss3.4sqi.net/img/categories_v2/nightlife/pub_bg_512.png,Webb Ellis,https://untappd.com/venue/2353470,1,Rennes,TRUE,35000
https://untappd.com/venue/1522946,https://ss3.4sqi.net/img/categories_v2/nightlife/pub_bg_512.png,L'Amaryllis,https://untappd.com/venue/1522946,1,Rennes,TRUE,35000
https://untappd.com/venue/9323640,https://ss3.4sqi.net/img/categories_v2/nightlife/pub_bg_512.png,Le Mem,https://untappd.com/venue/9323640,1,Rennes,TRUE,35000
https://untappd.com/venue/3207775,https://ss3.4sqi.net/img/categories_v2/nightlife/pub_bg_512.png,Le Bateau Ivre,https://untappd.com/venue/3207775,1,Rennes,TRUE,35000
https://untappd.com/venue/479620,https://ss3.4sqi.net/img/categories_v2/nightlife/pub_bg_512.png,Le Kenland,https://untappd.com/venue/479620,1,Rennes,TRUE,35000
https://untappd.com/venue/3053414,https://ss3.4sqi.net/img/categories_v2/nightlife/pub_bg_512.png,Le Scoop,https://untappd.com/venue/3053414,1,Rennes,TRUE,35000
https://untappd.com/venue/1899607,https://ss3.4sqi.net/img/categories_v2/nightlife/pub_bg_512.png,KilKenny's Pub,https://untappd.com/venue/1899607,1,Rennes,TRUE,35000
https://untappd.com/venue/11090082,https://ss3.4sqi.net/img/categories_v2/nightlife/pub_bg_512.png,Uzine,https://untappd.com/venue/11090082,1,Rennes,TRUE,35000
https://untappd.com/venue/2354330,https://ss3.4sqi.net/img/categories_v2/nightlife/pub_bg_512.png,Le Chantier,https://untappd.com/venue/2354330,1,Rennes,TRUE,35000
https://untappd.com/venue/9677090,https://ss3.4sqi.net/img/categories_v2/nightlife/pub_bg_512.png,La Cavale,https://untappd.com/venue/9677090,1,Rennes,TRUE,35000
https://untappd.com/venue/3070557,https://ss3.4sqi.net/img/categories_v2/nightlife/pub_bg_512.png,Le Vieux Saint-Etienne,https://untappd.com/venue/3070557,1,Rennes,TRUE,35000
https://untappd.com/venue/1813925,https://ss3.4sqi.net/img/categories_v2/nightlife/pub_bg_512.png,Le Barantic,https://untappd.com/venue/1813925,1,Rennes,TRUE,35000
https://untappd.com/venue/8359035,https://ss3.4sqi.net/img/categories_v2/nightlife/pub_bg_512.png,Bar Expo,https://untappd.com/venue/8359035,1,Rennes,TRUE,35000
https://untappd.com/venue/5417147,https://ss3.4sqi.net/img/categories_v2/nightlife/pub_bg_512.png,Le Mille Potes,https://untappd.com/venue/5417147,1,Rennes,TRUE,35000
https://untappd.com/venue/2687823,https://ss3.4sqi.net/img/categories_v2/nightlife/pub_bg_512.png,La Part Des Anges,https://untappd.com/venue/2687823,1,Rennes,TRUE,35000
https://untappd.com/venue/75738,https://ss3.4sqi.net/img/categories_v2/nightlife/pub_bg_512.png,Le Tivoli,https://untappd.com/venue/75738,1,Rennes,TRUE,35000
https://untappd.com/venue/4971388,https://ss3.4sqi.net/img/categories_v2/nightlife/pub_bg_512.png,L'Equinoxe,https://untappd.com/venue/4971388,1,Rennes,TRUE,35000
https://untappd.com/venue/6180647,https://ss3.4sqi.net/img/categories_v2/nightlife/pub_bg_512.png,Poney Club,https://untappd.com/venue/6180647,1,Rennes,TRUE,35000
https://untappd.com/venue/3488685,https://ss3.4sqi.net/img/categories_v2/nightlife/pub_bg_512.png,Melody Maker,https://untappd.com/venue/3488685,1,Rennes,TRUE,35000
https://untappd.com/venue/9050115,https://ss3.4sqi.net/img/categories_v2/nightlife/pub_bg_512.png,Tío Paquito,https://untappd.com/venue/9050115,1,Rennes,TRUE,35000
https://untappd.com/venue/1175132,https://ss3.4sqi.net/img/categories_v2/nightlife/pub_bg_512.png,Le Progrès,https://untappd.com/venue/1175132,1,Rennes,TRUE,35000
https://untappd.com/venue/5429814,https://ss3.4sqi.net/img/categories_v2/nightlife/pub_bg_512.png,WarpZone Rennes,https://untappd.com/venue/5429814,1,Rennes,TRUE,35000
https://untappd.com/venue/5729880,https://ss3.4sqi.net/img/categories_v2/nightlife/pub_bg_512.png,L'Annexe,https://untappd.com/venue/5729880,1,Rennes,TRUE,35000
https://untappd.com/venue/5582408,https://ss3.4sqi.net/img/categories_v2/nightlife/pub_bg_512.png,La Bonne Nouvelle,https://untappd.com/venue/5582408,1,Rennes,TRUE,35000
https://untappd.com/venue/8355147,https://ss3.4sqi.net/img/categories_v2/nightlife/pub_bg_512.png,Avec,https://untappd.com/venue/8355147,1,Rennes,TRUE,35000
https://untappd.com/venue/5574060,https://ss3.4sqi.net/img/categories_v2/nightlife/pub_bg_512.png,Les Grands Gamins,https://untappd.com/venue/5574060,1,Rennes,TRUE,35000
https://untappd.com/venue/1517032,https://ss3.4sqi.net/img/categories_v2/nightlife/pub_bg_512.png,Le Tiffany's,https://untappd.com/venue/1517032,1,Rennes,TRUE,35000
https://untappd.com/venue/1607065,https://ss3.4sqi.net/img/categories_v2/nightlife/pub_bg_512.png,Bar'Hic,https://untappd.com/venue/1607065,1,Rennes,TRUE,35000
https://untappd.com/venue/1368050,https://ss3.4sqi.net/img/categories_v2/nightlife/pub_bg_512.png,O'Rétroviseur,https://untappd.com/venue/1368050,1,Rennes,TRUE,35000
https://untappd.com/venue/5484916,https://ss3.4sqi.net/img/categories_v2/nightlife/pub_bg_512.png,Le Saint Germain,https://untappd.com/venue/5484916,1,Rennes,TRUE,35000
https://untappd.com/venue/1613944,https://ss3.4sqi.net/img/categories_v2/nightlife/pub_bg_512.png,Mondo Bizarro,https://untappd.com/venue/1613944,1,Rennes,TRUE,35000
https://untappd.com/venue/9526519,https://ss3.4sqi.net/img/categories_v2/nightlife/pub_bg_512.png,V and B Rennes Sud Est,https://untappd.com/venue/9526519,1,Rennes,TRUE,35000
https://untappd.com/venue/9343207,https://ss3.4sqi.net/img/categories_v2/nightlife/pub_bg_512.png,V and B Rennes - Longchamps,https://untappd.com/venue/9343207,1,Rennes,TRUE,35000
https://untappd.com/venue/7133818,https://ss3.4sqi.net/img/categories_v2/nightlife/pub_bg_512.png,Sur Mesure,https://untappd.com/v/sur-mesure/7133818,1,Rennes,TRUE,35000
https://untappd.com/venue/11904456,https://ss3.4sqi.net/img/categories_v2/nightlife/pub_bg_512.png,La Maison - Bar à bières artisanales,https://untappd.com/v/la-maison-bar-a-bieres-artisanales/11904456,1,Rennes,TRUE,35000
https://untappd.com/venue/7112097,https://ss3.4sqi.net/img/categories_v2/nightlife/pub_bg_512.png,Black Bear,https://untappd.com/venue/7112097,1,Rennes,TRUE,35000
https://untappd.com/venue/5927359,https://ss3.4sqi.net/img/categories_v2/nightlife/pub_bg_512.png,Maloan,https://untappd.com/v/maloan/5927359,1,Rennes,TRUE,35000
https://untappd.com/venue/6211919,https://ss3.4sqi.net/img/categories_v2/nightlife/beergarden_bg_512.png,Café La Terrasse,https://untappd.com/venue/6211919,1,Rennes,TRUE,35000
https://untappd.com/venue/2305740,https://ss3.4sqi.net/img/categories_v2/nightlife/beergarden_bg_512.png,Le Comptoir,https://untappd.com/venue/2305740,1,Rennes,TRUE,35000
https://untappd.com/venue/2559589,https://ss3.4sqi.net/img/categories_v2/nightlife/beergarden_bg_512.png,V And B (V and B Rennes),https://untappd.com/venue/2559589,1,Rennes,TRUE,35000
https://untappd.com/venue/2501643,https://ss3.4sqi.net/img/categories_v2/nightlife/beergarden_bg_512.png,Chez Alain,https://untappd.com/v/chez-alain/2501643,3,Rennes,TRUE,35000
https://untappd.com/venue/9055533,https://ss3.4sqi.net/img/categories_v2/nightlife/beergarden_bg_512.png,Au Père Bouc,https://untappd.com/venue/9055533,3,Rennes,TRUE,35000
https://untappd.com/venue/11914095,https://ss3.4sqi.net/img/categories_v2/nightlife/beergarden_bg_512.png,Dourennan,https://untappd.com/venue/11914095,3,Rennes,TRUE,35000
https://untappd.com/venue/871762,https://ss3.4sqi.net/img/categories_v2/nightlife/pub_bg_512.png,Fox & Friends,https://untappd.com/venue/871762,1,Rennes,TRUE,35000
https://untappd.com/venue/1528029,https://ss3.4sqi.net/img/categories_v2/nightlife/pub_bg_512.png,O'Connell's,https://untappd.com/venue/1528029,1,Rennes,TRUE,35000
https://untappd.com/venue/5436444,https://ss3.4sqi.net/img/categories_v2/nightlife/pub_bg_512.png,Penny Lane,https://untappd.com/venue/5436444,1,Rennes,TRUE,35000
https://untappd.com/venue/103043,https://ss3.4sqi.net/img/categories_v2/nightlife/pub_bg_512.png,Oan's Pub,https://untappd.com/venue/103043,1,Rennes,TRUE,35000
https://untappd.com/venue/488795,https://ss3.4sqi.net/img/categories_v2/nightlife/pub_bg_512.png,La Cité d'Ys,https://untappd.com/venue/488795,1,Rennes,TRUE,35000
https://untappd.com/venue/102967,https://ss3.4sqi.net/img/categories_v2/nightlife/pub_bg_512.png,Ty Anna Tavarn,https://untappd.com/venue/102967,1,Rennes,TRUE,35000
https://untappd.com/venue/11077670,https://ss3.4sqi.net/img/categories_v2/nightlife/pub_bg_512.png,Little Delirium,https://untappd.com/venue/11077670,1,Rennes,TRUE,35000
https://untappd.com/venue/3492870,https://ss3.4sqi.net/img/categories_v2/nightlife/pub_bg_512.png,Shamrock,https://untappd.com/venue/3492870,1,Rennes,TRUE,35000
https://untappd.com/venue/6390550,https://ss3.4sqi.net/img/categories_v2/nightlife/pub_bg_512.png,Fatcap Bar,https://untappd.com/venue/6390550,1,Rennes,TRUE,35000
https://untappd.com/venue/6999253,https://ss3.4sqi.net/img/categories_v2/nightlife/pub_bg_512.png,Oh My Biche,https://untappd.com/venue/6999253,1,Rennes,TRUE,35000
https://untappd.com/venue/2463101,https://ss3.4sqi.net/img/categories_v2/nightlife/pub_bg_512.png,Le Gazoline,https://untappd.com/venue/2463101,1,Rennes,TRUE,35000
https://untappd.com/venue/1918956,https://ss3.4sqi.net/img/categories_v2/nightlife/pub_bg_512.png,The Westport Inn,https://untappd.com/venue/1918956,1,Rennes,TRUE,35000
https://untappd.com/venue/3217042,https://ss3.4sqi.net/img/categories_v2/nightlife/sportsbar_bg_512.png,BDS,https://untappd.com/venue/3217042,1,Rennes,TRUE,35000
https://untappd.com/venue/6206670,https://ss3.4sqi.net/img/categories_v2/food/winery_bg_512.png,Bistrot l'Arrivée,https://untappd.com/venue/6206670,1,Rennes,TRUE,35000
https://untappd.com/venue/2951548,https://ss3.4sqi.net/img/categories_v2/food/winery_bg_512.png,Hibou Grand Duc,https://untappd.com/venue/2951548,1,Rennes,TRUE,35000
https://untappd.com/venue/1676542,https://ss3.4sqi.net/img/categories_v2/nightlife/pub_bg_512.png,Le Winch Pub,https://untappd.com/venue/1676542,1,Roscoff ,TRUE,29680
https://untappd.com/venue/3538992,https://ss3.4sqi.net/img/categories_v2/nightlife/pub_bg_512.png,Le Fût Chantant,https://untappd.com/venue/3538992,1,Saint-Brieuc ,TRUE,22000
https://untappd.com/venue/3394217,https://ss3.4sqi.net/img/categories_v2/nightlife/pub_bg_512.png,Le Square Café,https://untappd.com/venue/3394217,1,Saint-Cast-le-Guildo ,TRUE,22380
https://untappd.com/venue/76535,https://ss3.4sqi.net/img/categories_v2/nightlife/pub_bg_512.png,Le Maryland's Pub,https://untappd.com/venue/76535,1,Saint-Cast-le-Guildo ,TRUE,22380
https://untappd.com/venue/1916007,https://ss3.4sqi.net/img/categories_v2/nightlife/pub_bg_512.png,La Goëlette,https://untappd.com/venue/1916007,1,Saint-Jacut-de-la-Mer ,TRUE,22750
https://untappd.com/venue/102598,https://ss3.4sqi.net/img/categories_v2/nightlife/pub_bg_512.png,La Belle Époque,https://untappd.com/venue/102598,1,Saint-Malo,TRUE,35400
https://untappd.com/venue/6634139,https://ss3.4sqi.net/img/categories_v2/nightlife/pub_bg_512.png,La Fabrique,https://untappd.com/venue/6634139,1,Saint-Malo,TRUE,35400
https://untappd.com/venue/6175613,https://ss3.4sqi.net/img/categories_v2/nightlife/pub_bg_512.png,Bar de la Ville Huchet,https://untappd.com/venue/6175613,1,Saint-Malo,TRUE,35400
https://untappd.com/venue/95579,https://ss3.4sqi.net/img/categories_v2/nightlife/pub_bg_512.png,L'Alambic,https://untappd.com/venue/95579,1,Saint-Malo,TRUE,35400
https://untappd.com/venue/1489081,https://ss3.4sqi.net/img/categories_v2/nightlife/pub_bg_512.png,L'equinoxial,https://untappd.com/venue/1489081,1,Saint-Malo,TRUE,35400
https://untappd.com/venue/3234526,https://ss3.4sqi.net/img/categories_v2/nightlife/pub_bg_512.png,Le Cunningham's,https://untappd.com/venue/3234526,1,Saint-Malo,TRUE,35400
https://untappd.com/venue/1829461,https://ss3.4sqi.net/img/categories_v2/nightlife/pub_bg_512.png,Bar L'Aviso,https://untappd.com/venue/1829461,1,Saint-Malo,TRUE,35400
https://untappd.com/venue/4151395,https://ss3.4sqi.net/img/categories_v2/nightlife/pub_bg_512.png,L'Alchimiste,https://untappd.com/venue/4151395,1,Saint-Malo,TRUE,35400
https://untappd.com/venue/3671128,https://ss3.4sqi.net/img/categories_v2/nightlife/pub_bg_512.png,Les Charmettes,https://untappd.com/venue/3671128,1,Saint-Malo,TRUE,35400
https://untappd.com/venue/6451250,https://ss3.4sqi.net/img/categories_v2/nightlife/pub_bg_512.png,Café La P'tite,https://untappd.com/venue/6451250,1,Saint-Malo,TRUE,35400
https://untappd.com/venue/1602617,https://ss3.4sqi.net/img/categories_v2/nightlife/pub_bg_512.png,Le Galion,https://untappd.com/venue/1602617,1,Saint-Malo,TRUE,35400
https://untappd.com/venue/9897061,https://ss3.4sqi.net/img/categories_v2/nightlife/pub_bg_512.png,V and B St Malo,https://untappd.com/venue/9897061,1,Saint-Malo,TRUE,35400
https://untappd.com/venue/11452193,https://ss3.4sqi.net/img/categories_v2/nightlife/pub_bg_512.png,La Carlingue,https://untappd.com/venue/11452193,1,Saint-Malo,TRUE,35400
https://untappd.com/venue/10222305,https://ss3.4sqi.net/img/categories_v2/nightlife/beergarden_bg_512.png,"Le Point Zéro, Bar Éphémère",https://untappd.com/venue/10222305,1,Saint-Malo,TRUE,35400
https://untappd.com/venue/8044065,https://ss3.4sqi.net/img/categories_v2/nightlife/beergarden_bg_512.png,L'écume des bières,https://untappd.com/venue/8044065,3,Saint-Malo,TRUE,35400
https://untappd.com/venue/3401421,https://ss3.4sqi.net/img/categories_v2/nightlife/beergarden_bg_512.png,Garden Bier,https://untappd.com/venue/3401421,3,Saint-Malo,TRUE,35400
https://untappd.com/venue/7010489,https://ss3.4sqi.net/img/categories_v2/food/coffeeshop_bg_512.png,La Java Café,https://untappd.com/venue/7010489,1,Saint-Malo,TRUE,35400
https://untappd.com/venue/1659276,https://ss3.4sqi.net/img/categories_v2/nightlife/pub_bg_512.png,St Patrick,https://untappd.com/venue/1659276,1,Saint-Malo,TRUE,35400
https://untappd.com/venue/2101480,https://ss3.4sqi.net/img/categories_v2/nightlife/pub_bg_512.png,Le Mirage,https://untappd.com/venue/2101480,1,Saint-Malo,TRUE,35400
https://untappd.com/venue/3481851,https://ss3.4sqi.net/img/categories_v2/nightlife/pub_bg_512.png,Port Malo,https://untappd.com/venue/3481851,1,Saint-Malo,TRUE,35400
https://untappd.com/venue/6510389,https://ss3.4sqi.net/img/categories_v2/food/winery_bg_512.png,Les Terroiristes Associés,https://untappd.com/venue/6510389,1,Saint-Malo,TRUE,35400
https://untappd.com/venue/11447873,https://ss3.4sqi.net/img/categories_v2/shops/food_wineshop_bg_512.png,La Flemme Cave & Bar,https://untappd.com/venue/11447873,1,Saint-Nolff ,TRUE,56250
https://untappd.com/venue/7742969,https://ss3.4sqi.net/img/categories_v2/nightlife/pub_bg_512.png,Bigorneau,https://untappd.com/venue/7742969,1,Saint-Pierre-Quiberon ,TRUE,56510
https://untappd.com/venue/11929295,https://ss3.4sqi.net/img/categories_v2/food/coffeeshop_bg_512.png,Ty Suliau,https://untappd.com/venue/11929295,1,Saint-Suliac ,TRUE,56430
https://untappd.com/venue/332342,https://ss3.4sqi.net/img/categories_v2/nightlife/pub_bg_512.png,Ptit Caboulot,https://untappd.com/venue/332342,1,Scaër ,TRUE,29390
https://untappd.com/venue/5055200,https://ss3.4sqi.net/img/categories_v2/nightlife/pub_bg_512.png,V and B Vannes - Séné,https://untappd.com/venue/5055200,1,Séné ,TRUE,56860
https://untappd.com/venue/6953757,https://ss3.4sqi.net/img/categories_v2/nightlife/beergarden_bg_512.png,Ty Kav,https://untappd.com/venue/6953757,3,Séné ,TRUE,56860
https://untappd.com/venue/4952941,https://ss3.4sqi.net/img/categories_v2/nightlife/pub_bg_512.png,Café de la cale,https://untappd.com/venue/4952941,1,St Marine ,TRUE,29120
https://untappd.com/venue/6421264,https://ss3.4sqi.net/img/categories_v2/shops/food_grocery_bg_512.png,Super U,https://untappd.com/venue/6421264,5,Trégastel ,TRUE,22730
https://untappd.com/venue/10541259,"https://images.untp.beer/resize?width=176&height=176&background=255,255,255&extend=white&stripmeta=true&url=https://utfb-images.untappd.com/y3m58uwxtnogqdpli81iz78bb3bv?auto=compress",La Cervoiserie de saint-Brieuc,https://untappd.com/v/la-cervoiserie-de-saintbrieuc/10541259,1,Trégueux ,TRUE,22950
https://untappd.com/venue/3309016,https://ss3.4sqi.net/img/categories_v2/nightlife/beergarden_bg_512.png,Le Place,https://untappd.com/venue/3309016,1,Tréguier ,TRUE,22220
https://untappd.com/venue/1416557,https://ss3.4sqi.net/img/categories_v2/nightlife/pub_bg_512.png,Les Valseuses,https://untappd.com/venue/1416557,1,Vannes,TRUE,56000
https://untappd.com/venue/8048837,https://ss3.4sqi.net/img/categories_v2/nightlife/pub_bg_512.png,Dédale Café,https://untappd.com/venue/8048837,1,Vannes,TRUE,56000
https://untappd.com/venue/5043522,https://ss3.4sqi.net/img/categories_v2/nightlife/pub_bg_512.png,Le Gambetta,https://untappd.com/venue/5043522,1,Vannes,TRUE,56000
https://untappd.com/venue/969563,https://ss3.4sqi.net/img/categories_v2/nightlife/pub_bg_512.png,Le Kiosque,https://untappd.com/venue/969563,1,Vannes,TRUE,56000
https://untappd.com/venue/1866338,https://ss3.4sqi.net/img/categories_v2/nightlife/pub_bg_512.png,Le Vieux Safran,https://untappd.com/venue/1866338,1,Vannes,TRUE,56000
https://untappd.com/venue/3981762,https://ss3.4sqi.net/img/categories_v2/nightlife/pub_bg_512.png,V and B Vannes,https://untappd.com/venue/3981762,1,Vannes,TRUE,56000
https://untappd.com/venue/9701831,https://ss3.4sqi.net/img/categories_v2/nightlife/pub_bg_512.png,V and B Vannes Ouest,https://untappd.com/venue/9701831,1,Vannes,TRUE,56000
https://untappd.com/venue/5340293,https://ss3.4sqi.net/img/categories_v2/food/coffeeshop_bg_512.png,Le Corlazo,https://untappd.com/venue/5340293,1,Vannes,TRUE,56000
https://untappd.com/venue/4586533,https://ss3.4sqi.net/img/categories_v2/nightlife/pub_bg_512.png,Le Chat Qui Grogne,https://untappd.com/venue/4586533,1,Vannes,TRUE,56000
https://untappd.com/venue/5143696,https://ss3.4sqi.net/img/categories_v2/nightlife/pub_bg_512.png,Le Paddy,https://untappd.com/venue/5143696,1,Vannes,TRUE,56000
https://untappd.com/venue/5070795,https://ss3.4sqi.net/img/categories_v2/nightlife/pub_bg_512.png,Le Chat Noir,https://untappd.com/venue/5070795,1,Vitré ,TRUE,35500