,label src,name href,name,style,city,active
https://untappd.com/venue/859082,https://assets.untappd.com/venuelogos/venue_859082_bd26e3a2_bg_176.png?v=1,https://untappd.com/v/le-sur-mesure/859082,Le Sur Mesure,1,Nantes ,TRUE
https://untappd.com/venue/10890033,"https://images.untp.beer/resize?width=176&height=176&background=255,255,255&extend=white&stripmeta=true&url=https://utfb-images.untappd.com/ommb8l1axhv8my3edgvljxyog5uq?auto=compress",https://untappd.com/v/la-cervoiserie-dorvault/10890033,La Cervoiserie d'Orvault,1,Orvault ,TRUE
https://untappd.com/venue/6931036,https://ss3.4sqi.net/img/categories_v2/nightlife/pub_bg_512.png,https://untappd.com/v/le-berthom/6931036,Le Berthom,1,Nantes ,TRUE
https://untappd.com/venue/4014473,https://ss3.4sqi.net/img/categories_v2/nightlife/pub_bg_512.png,https://untappd.com/v/bubar/4014473,Bubar,1,Nantes ,TRUE
https://untappd.com/venue/7549738,https://ss3.4sqi.net/img/categories_v2/nightlife/pub_bg_512.png,https://untappd.com/v/le-chemin-de-traverse/7549738,Le Chemin De Traverse,1,Nantes ,TRUE
https://untappd.com/venue/9436553,https://ss3.4sqi.net/img/categories_v2/nightlife/pub_bg_512.png,https://untappd.com/v/la-cabane-a-mousse/9436553,La Cabane À Mousse,1,Challans ,TRUE
https://untappd.com/venue/8910629,https://ss3.4sqi.net/img/categories_v2/nightlife/pub_bg_512.png,https://untappd.com/venue/8910629,Le chopp’in,1,Les Herbiers ,TRUE
https://untappd.com/venue/6707029,https://ss3.4sqi.net/img/categories_v2/nightlife/pub_bg_512.png,https://untappd.com/venue/6707029,The Bar. Village De La Guyonnière,1,Saint-Julien-des-Landes ,TRUE
https://untappd.com/venue/410483,https://ss3.4sqi.net/img/categories_v2/nightlife/pub_bg_512.png,https://untappd.com/venue/410483,Le Ferrailleur,1,Nantes ,TRUE
https://untappd.com/venue/7976335,https://ss3.4sqi.net/img/categories_v2/nightlife/pub_bg_512.png,https://untappd.com/venue/7976335,Atomic's Café,1,Nantes ,TRUE
https://untappd.com/venue/4197921,https://ss3.4sqi.net/img/categories_v2/nightlife/pub_bg_512.png,https://untappd.com/venue/4197921,Brady's Irish Pub,1,Nantes ,TRUE
https://untappd.com/venue/6699425,https://ss3.4sqi.net/img/categories_v2/nightlife/pub_bg_512.png,https://untappd.com/venue/6699425,Au Fut Et À Mesure,1,Nantes ,TRUE
https://untappd.com/venue/4098396,https://ss3.4sqi.net/img/categories_v2/nightlife/pub_bg_512.png,https://untappd.com/venue/4098396,L'Annexe Café,1,Nantes ,TRUE
https://untappd.com/venue/2361544,https://ss3.4sqi.net/img/categories_v2/nightlife/pub_bg_512.png,https://untappd.com/venue/2361544,Le Bar du Coin,1,Nantes ,TRUE
https://untappd.com/venue/6164392,https://ss3.4sqi.net/img/categories_v2/nightlife/pub_bg_512.png,https://untappd.com/venue/6164392,Levrette Café,1,Nantes ,TRUE
https://untappd.com/venue/3415792,https://ss3.4sqi.net/img/categories_v2/nightlife/pub_bg_512.png,https://untappd.com/venue/3415792,Cafe Maritime,1,L'Île-d'Yeu ,TRUE
https://untappd.com/venue/9584866,https://ss3.4sqi.net/img/categories_v2/nightlife/pub_bg_512.png,https://untappd.com/venue/9584866,3 Brasseurs,1,Nantes ,TRUE
https://untappd.com/venue/3524243,https://ss3.4sqi.net/img/categories_v2/nightlife/pub_bg_512.png,https://untappd.com/venue/3524243,La Ribouldingue,1,Nantes ,TRUE
https://untappd.com/venue/5389596,https://ss3.4sqi.net/img/categories_v2/nightlife/pub_bg_512.png,https://untappd.com/venue/5389596,Nineteen café,1,La Guyonnière ,TRUE
https://untappd.com/venue/2331537,https://ss3.4sqi.net/img/categories_v2/nightlife/pub_bg_512.png,https://untappd.com/venue/2331537,Le Briord,1,Nantes ,TRUE
https://untappd.com/venue/517689,https://ss3.4sqi.net/img/categories_v2/nightlife/pub_bg_512.png,https://untappd.com/venue/517689,Le Chien Stupide,1,Nantes ,TRUE
https://untappd.com/venue/11097877,https://ss3.4sqi.net/img/categories_v2/nightlife/pub_bg_512.png,https://untappd.com/venue/11097877,Delirium Café,1,Nantes ,TRUE
https://untappd.com/venue/8200289,https://ss3.4sqi.net/img/categories_v2/nightlife/pub_bg_512.png,https://untappd.com/venue/8200289,Tabarnak,1,Nantes ,TRUE
https://untappd.com/venue/2331145,https://ss3.4sqi.net/img/categories_v2/nightlife/pub_bg_512.png,https://untappd.com/venue/2331145,La Maison Café,1,Nantes ,TRUE
https://untappd.com/venue/4439800,https://ss3.4sqi.net/img/categories_v2/nightlife/pub_bg_512.png,https://untappd.com/venue/4439800,Cascabel,1,Nantes ,TRUE
https://untappd.com/venue/1809106,https://ss3.4sqi.net/img/categories_v2/nightlife/pub_bg_512.png,https://untappd.com/venue/1809106,Wallaby's,1,Angers ,TRUE
https://untappd.com/venue/3898013,https://ss3.4sqi.net/img/categories_v2/nightlife/pub_bg_512.png,https://untappd.com/venue/3898013,Le Louis Blanc,1,Nantes ,TRUE
https://untappd.com/venue/3102190,https://ss3.4sqi.net/img/categories_v2/nightlife/pub_bg_512.png,https://untappd.com/venue/3102190,le Big Ben,1,Nantes ,TRUE
https://untappd.com/venue/2961302,https://ss3.4sqi.net/img/categories_v2/nightlife/pub_bg_512.png,https://untappd.com/venue/2961302,Le Macallan,1,Nantes ,TRUE
https://untappd.com/venue/10551066,https://ss3.4sqi.net/img/categories_v2/nightlife/pub_bg_512.png,https://untappd.com/venue/10551066,La Cav',1,Bécon-les-Granits ,TRUE
https://untappd.com/venue/3003963,https://ss3.4sqi.net/img/categories_v2/nightlife/pub_bg_512.png,https://untappd.com/venue/3003963,Pub Élysée,1,Sablé-sur-Sarthe ,TRUE
https://untappd.com/venue/5168139,https://ss3.4sqi.net/img/categories_v2/nightlife/pub_bg_512.png,https://untappd.com/venue/5168139,La Chopine,1,Fontenay-le-Comte ,TRUE
https://untappd.com/venue/1378335,https://ss3.4sqi.net/img/categories_v2/nightlife/pub_bg_512.png,https://untappd.com/venue/1378335,Le Gainzbar,1,Angers ,TRUE
https://untappd.com/venue/10646157,https://ss3.4sqi.net/img/categories_v2/nightlife/pub_bg_512.png,https://untappd.com/venue/10646157,La Minute Blonde,1,Fontenay-le-Comte ,TRUE
https://untappd.com/venue/2741475,https://ss3.4sqi.net/img/categories_v2/nightlife/pub_bg_512.png,https://untappd.com/venue/2741475,Le Rond Point,1,Nantes ,TRUE
https://untappd.com/venue/2164042,https://ss3.4sqi.net/img/categories_v2/nightlife/pub_bg_512.png,https://untappd.com/venue/2164042,Le Lézard,1,Le Mans ,TRUE
https://untappd.com/venue/2907302,https://ss3.4sqi.net/img/categories_v2/nightlife/pub_bg_512.png,https://untappd.com/venue/2907302,Monsieur Machin,1,Nantes ,TRUE
https://untappd.com/venue/5457862,https://ss3.4sqi.net/img/categories_v2/nightlife/pub_bg_512.png,https://untappd.com/venue/5457862,Le Cercle rouge,1,Nantes ,TRUE
https://untappd.com/venue/894997,https://ss3.4sqi.net/img/categories_v2/nightlife/pub_bg_512.png,https://untappd.com/venue/894997,Le Live,1,Nantes ,TRUE
https://untappd.com/venue/8065964,https://ss3.4sqi.net/img/categories_v2/nightlife/pub_bg_512.png,https://untappd.com/venue/8065964,Le Petit Baigneur,1,Nantes ,TRUE
https://untappd.com/venue/1516355,https://ss3.4sqi.net/img/categories_v2/nightlife/pub_bg_512.png,https://untappd.com/venue/1516355,Café de la Branche,1,Nantes ,TRUE
https://untappd.com/venue/9784723,https://ss3.4sqi.net/img/categories_v2/nightlife/pub_bg_512.png,https://untappd.com/venue/9784723,La Drôle De Barge,1,Nantes ,TRUE
https://untappd.com/venue/1306016,https://ss3.4sqi.net/img/categories_v2/nightlife/pub_bg_512.png,https://untappd.com/venue/1306016,Le Coup d'pompe,1,Nantes ,TRUE
https://untappd.com/venue/8515873,https://ss3.4sqi.net/img/categories_v2/nightlife/pub_bg_512.png,https://untappd.com/venue/8515873,Personnes,1,Nantes ,TRUE
https://untappd.com/venue/4906037,https://ss3.4sqi.net/img/categories_v2/nightlife/pub_bg_512.png,https://untappd.com/venue/4906037,Pub Chateaulin,1,Nantes ,TRUE
https://untappd.com/venue/6757550,https://ss3.4sqi.net/img/categories_v2/nightlife/pub_bg_512.png,https://untappd.com/venue/6757550,Le Jardin Bavarois,1,Laval ,TRUE
https://untappd.com/venue/2938503,https://ss3.4sqi.net/img/categories_v2/nightlife/pub_bg_512.png,https://untappd.com/venue/2938503,Le Saint Cloud,1,Saumur ,TRUE
https://untappd.com/venue/2566518,https://ss3.4sqi.net/img/categories_v2/nightlife/pub_bg_512.png,https://untappd.com/venue/2566518,Le Pti Zinc,1,Loire-Atlantique ,TRUE
https://untappd.com/venue/9050552,https://ss3.4sqi.net/img/categories_v2/nightlife/pub_bg_512.png,https://untappd.com/venue/9050552,40 Pieds,1,Nantes ,TRUE
https://untappd.com/venue/3651687,https://ss3.4sqi.net/img/categories_v2/nightlife/pub_bg_512.png,https://untappd.com/venue/3651687,Le Café de la Poste,1,La Baule-Escoublac ,TRUE
https://untappd.com/venue/5864736,https://ss3.4sqi.net/img/categories_v2/nightlife/pub_bg_512.png,https://untappd.com/venue/5864736,L'Annexe,1,Cholet ,TRUE
https://untappd.com/venue/2535884,https://ss3.4sqi.net/img/categories_v2/nightlife/pub_bg_512.png,https://untappd.com/venue/2535884,Chez Lulu,1,Nantes ,TRUE
https://untappd.com/venue/945967,https://ss3.4sqi.net/img/categories_v2/nightlife/pub_bg_512.png,https://untappd.com/venue/945967,Starfish & Coffee,1,La Tranche-sur-Mer ,TRUE
https://untappd.com/venue/8737528,https://ss3.4sqi.net/img/categories_v2/nightlife/pub_bg_512.png,https://untappd.com/venue/8737528,L'angle,1,Angers ,TRUE
https://untappd.com/venue/1997420,https://ss3.4sqi.net/img/categories_v2/nightlife/pub_bg_512.png,https://untappd.com/venue/1997420,L'Escale,1,Saint-Gilles-Croix-de-Vie ,TRUE
https://untappd.com/venue/1214959,https://ss3.4sqi.net/img/categories_v2/nightlife/pub_bg_512.png,https://untappd.com/venue/1214959,Le Bistro,1,Nantes ,TRUE
https://untappd.com/venue/3141796,https://ss3.4sqi.net/img/categories_v2/nightlife/pub_bg_512.png,https://untappd.com/venue/3141796,Les Docks,1,Nantes ,TRUE
https://untappd.com/venue/2908445,https://ss3.4sqi.net/img/categories_v2/nightlife/pub_bg_512.png,https://untappd.com/venue/2908445,Le Snooker,1,Angers ,TRUE
https://untappd.com/venue/7652192,https://ss3.4sqi.net/img/categories_v2/nightlife/pub_bg_512.png,https://untappd.com/venue/7652192,Le Bras De Fer,1,Nantes ,TRUE
https://untappd.com/venue/7522079,https://ss3.4sqi.net/img/categories_v2/nightlife/pub_bg_512.png,https://untappd.com/venue/7522079,Barouf,1,Le Mans ,TRUE
https://untappd.com/venue/2116884,https://ss3.4sqi.net/img/categories_v2/nightlife/pub_bg_512.png,https://untappd.com/venue/2116884,Café du Cinéma,1,Nantes ,TRUE
https://untappd.com/venue/11201035,https://ss3.4sqi.net/img/categories_v2/nightlife/pub_bg_512.png,https://untappd.com/venue/11201035,Le Bon Plan,1,Aizenay ,TRUE
https://untappd.com/venue/10790019,https://ss3.4sqi.net/img/categories_v2/nightlife/pub_bg_512.png,https://untappd.com/venue/10790019,Le Wattignies,1,Nantes ,TRUE
https://untappd.com/venue/4574220,https://ss3.4sqi.net/img/categories_v2/nightlife/pub_bg_512.png,https://untappd.com/venue/4574220,Le chauffe Marcel,1,Nantes ,TRUE
https://untappd.com/venue/2731164,https://ss3.4sqi.net/img/categories_v2/nightlife/pub_bg_512.png,https://untappd.com/venue/2731164,Le Labo,1,Nantes ,TRUE
https://untappd.com/venue/1480088,https://ss3.4sqi.net/img/categories_v2/nightlife/pub_bg_512.png,https://untappd.com/venue/1480088,La Grappe d'Or,1,Angers ,TRUE
https://untappd.com/venue/1221891,https://ss3.4sqi.net/img/categories_v2/nightlife/pub_bg_512.png,https://untappd.com/venue/1221891,La Rumeur,1,Nantes ,TRUE
https://untappd.com/venue/3634189,https://ss3.4sqi.net/img/categories_v2/nightlife/pub_bg_512.png,https://untappd.com/venue/3634189,Le Bar'ouf,1,Cholet ,TRUE
https://untappd.com/venue/1646233,https://ss3.4sqi.net/img/categories_v2/nightlife/pub_bg_512.png,https://untappd.com/venue/1646233,Le Baroudeur,1,Nantes ,TRUE
https://untappd.com/venue/8052614,https://ss3.4sqi.net/img/categories_v2/nightlife/pub_bg_512.png,https://untappd.com/venue/8052614,Beer & Caps,1,La Baule-Escoublac ,TRUE
https://untappd.com/venue/810990,https://ss3.4sqi.net/img/categories_v2/nightlife/pub_bg_512.png,https://untappd.com/venue/810990,Café Le Flesselles,1,Nantes ,TRUE
https://untappd.com/venue/3707585,https://ss3.4sqi.net/img/categories_v2/nightlife/pub_bg_512.png,https://untappd.com/venue/3707585,L'Équateur,1,Port-Joinville ,TRUE
https://untappd.com/venue/1723250,https://ss3.4sqi.net/img/categories_v2/nightlife/pub_bg_512.png,https://untappd.com/venue/1723250,Falstaff,1,Angers ,TRUE
https://untappd.com/venue/6528360,https://ss3.4sqi.net/img/categories_v2/nightlife/pub_bg_512.png,https://untappd.com/venue/6528360,Café Crème,1,Le Mans ,TRUE
https://untappd.com/venue/10080517,https://ss3.4sqi.net/img/categories_v2/nightlife/pub_bg_512.png,https://untappd.com/venue/10080517,Hôtel Restaurant La Cascade,1,Clisson ,TRUE
https://untappd.com/venue/6780478,https://ss3.4sqi.net/img/categories_v2/nightlife/pub_bg_512.png,https://untappd.com/venue/6780478,Charlies Public House,1,La Baule-Escoublac ,TRUE
https://untappd.com/venue/1489892,https://ss3.4sqi.net/img/categories_v2/nightlife/pub_bg_512.png,https://untappd.com/venue/1489892,ADB Café,1,Nantes ,TRUE
https://untappd.com/venue/10057532,https://ss3.4sqi.net/img/categories_v2/nightlife/pub_bg_512.png,https://untappd.com/venue/10057532,Chope&Compagnie,1,La Roche-sur-Yon ,TRUE
https://untappd.com/venue/639304,https://ss3.4sqi.net/img/categories_v2/nightlife/pub_bg_512.png,https://untappd.com/venue/639304,Bistrot de la Place,1,Saumur ,TRUE
https://untappd.com/venue/5138027,https://ss3.4sqi.net/img/categories_v2/nightlife/pub_bg_512.png,https://untappd.com/venue/5138027,Willy Wolf,1,Nantes ,TRUE
https://untappd.com/venue/10283606,https://ss3.4sqi.net/img/categories_v2/nightlife/pub_bg_512.png,https://untappd.com/venue/10283606,Barons Perchés,1,Nantes ,TRUE
https://untappd.com/venue/7601631,https://ss3.4sqi.net/img/categories_v2/nightlife/pub_bg_512.png,https://untappd.com/venue/7601631,Au café Gourmand,1,La Baule-Escoublac ,TRUE
https://untappd.com/venue/660820,https://ss3.4sqi.net/img/categories_v2/nightlife/pub_bg_512.png,https://untappd.com/venue/660820,Chez La Mere,1,Angers ,TRUE
https://untappd.com/venue/4871681,https://ss3.4sqi.net/img/categories_v2/nightlife/pub_bg_512.png,https://untappd.com/venue/4871681,Zygo Bar,1,Nantes ,TRUE
https://untappd.com/venue/375977,https://ss3.4sqi.net/img/categories_v2/nightlife/pub_bg_512.png,https://untappd.com/venue/375977,Le Pilori,1,Nantes ,TRUE
https://untappd.com/venue/2991503,https://ss3.4sqi.net/img/categories_v2/nightlife/pub_bg_512.png,https://untappd.com/venue/2991503,Le Plein Sud,1,Nantes ,TRUE
https://untappd.com/venue/1587018,https://ss3.4sqi.net/img/categories_v2/nightlife/pub_bg_512.png,https://untappd.com/venue/1587018,Le Bar Aux Maitres,1,Le Mans ,TRUE
https://untappd.com/venue/5218364,https://ss3.4sqi.net/img/categories_v2/nightlife/pub_bg_512.png,https://untappd.com/venue/5218364,Brasserie Le Mail,1,Montsoreau ,TRUE
https://untappd.com/venue/4652276,https://ss3.4sqi.net/img/categories_v2/nightlife/pub_bg_512.png,https://untappd.com/venue/4652276,Road House,1,Nantes ,TRUE
https://untappd.com/venue/2557610,https://ss3.4sqi.net/img/categories_v2/nightlife/pub_bg_512.png,https://untappd.com/venue/2557610,Café Berlin,1,Le Mans ,TRUE
https://untappd.com/venue/5022158,https://ss3.4sqi.net/img/categories_v2/nightlife/pub_bg_512.png,https://untappd.com/venue/5022158,Descente de La Marine,1,,TRUE
https://untappd.com/venue/4909122,https://ss3.4sqi.net/img/categories_v2/nightlife/pub_bg_512.png,https://untappd.com/venue/4909122,Le Tandem,1,Arnage ,TRUE
https://untappd.com/venue/4606313,https://ss3.4sqi.net/img/categories_v2/nightlife/pub_bg_512.png,https://untappd.com/venue/4606313,Shaker's Café,1,Pontchâteau ,TRUE
https://untappd.com/venue/4114235,https://ss3.4sqi.net/img/categories_v2/nightlife/pub_bg_512.png,https://untappd.com/venue/4114235,Le Marbella,1,Les Sables-d'Olonne ,TRUE
https://untappd.com/venue/3954432,https://ss3.4sqi.net/img/categories_v2/nightlife/pub_bg_512.png,https://untappd.com/venue/3954432,Dynamik Bar,1,Laval ,TRUE
https://untappd.com/venue/3527280,https://ss3.4sqi.net/img/categories_v2/nightlife/pub_bg_512.png,https://untappd.com/venue/3527280,Le Grand Café De La Plage,1,Les Sables-d'Olonne ,TRUE
https://untappd.com/venue/2998346,https://ss3.4sqi.net/img/categories_v2/nightlife/pub_bg_512.png,https://untappd.com/venue/2998346,Le B.A.bar,1,Pornichet ,TRUE
https://untappd.com/venue/2581786,https://ss3.4sqi.net/img/categories_v2/nightlife/pub_bg_512.png,https://untappd.com/venue/2581786,Le Barablabla,1,Nantes ,TRUE
https://untappd.com/venue/5309284,https://ss3.4sqi.net/img/categories_v2/nightlife/pub_bg_512.png,https://untappd.com/venue/5309284,Bar Le Brissac,1,Brissac-Quincé ,TRUE
https://untappd.com/venue/4790943,https://ss3.4sqi.net/img/categories_v2/nightlife/pub_bg_512.png,https://untappd.com/venue/4790943,Le St Mihiel,1,Nantes ,TRUE
https://untappd.com/venue/4573992,https://ss3.4sqi.net/img/categories_v2/nightlife/pub_bg_512.png,https://untappd.com/venue/4573992,Ch´ti Breizh,1,Nantes ,TRUE
https://untappd.com/venue/2669461,https://ss3.4sqi.net/img/categories_v2/nightlife/pub_bg_512.png,https://untappd.com/venue/2669461,Les Fées Maison,1,Nantes ,TRUE
https://untappd.com/venue/10199644,https://ss3.4sqi.net/img/categories_v2/nightlife/pub_bg_512.png,https://untappd.com/venue/10199644,Les Funambules,1,Nantes ,TRUE
https://untappd.com/venue/9190802,https://ss3.4sqi.net/img/categories_v2/nightlife/pub_bg_512.png,https://untappd.com/venue/9190802,Le Hangar À Bières,1,La Baule-Escoublac ,TRUE
https://untappd.com/venue/7734325,https://ss3.4sqi.net/img/categories_v2/nightlife/pub_bg_512.png,https://untappd.com/venue/7734325,Le loft,1,La Baule-Escoublac ,TRUE
https://untappd.com/venue/7604520,https://ss3.4sqi.net/img/categories_v2/nightlife/pub_bg_512.png,https://untappd.com/venue/7604520,La P'tite Case,1,Pornichet ,TRUE
https://untappd.com/venue/5966430,https://ss3.4sqi.net/img/categories_v2/nightlife/pub_bg_512.png,https://untappd.com/venue/5966430,Hopopop Café,1,Nantes ,TRUE
https://untappd.com/venue/487478,https://ss3.4sqi.net/img/categories_v2/nightlife/pub_bg_512.png,https://untappd.com/venue/487478,Le Corneille,1,Nantes ,TRUE
https://untappd.com/venue/2276143,https://ss3.4sqi.net/img/categories_v2/nightlife/pub_bg_512.png,https://untappd.com/venue/2276143,TB Bar,1,Nantes ,TRUE
https://untappd.com/venue/7975221,https://ss3.4sqi.net/img/categories_v2/nightlife/pub_bg_512.png,https://untappd.com/venue/7975221,Le Corsaire,1,L'Île-d'Yeu ,TRUE
https://untappd.com/venue/7528537,https://ss3.4sqi.net/img/categories_v2/nightlife/pub_bg_512.png,https://untappd.com/venue/7528537,Le Bronx,1,Les Sables-d'Olonne ,TRUE
https://untappd.com/venue/5561160,https://ss3.4sqi.net/img/categories_v2/nightlife/pub_bg_512.png,https://untappd.com/venue/5561160,Transat' Café,1,Piriac-sur-Mer ,TRUE
https://untappd.com/venue/5304248,https://ss3.4sqi.net/img/categories_v2/nightlife/pub_bg_512.png,https://untappd.com/venue/5304248,BDC,1,Angers ,TRUE
https://untappd.com/venue/9144019,https://ss3.4sqi.net/img/categories_v2/nightlife/pub_bg_512.png,https://untappd.com/venue/9144019,Keetbaas Beer Cave On Tour,1,Montjean-sur-Loire ,TRUE
https://untappd.com/venue/6148984,https://ss3.4sqi.net/img/categories_v2/nightlife/pub_bg_512.png,https://untappd.com/venue/6148984,Molly Malone,1,Les Sables-d'Olonne ,TRUE
https://untappd.com/venue/8325702,https://ss3.4sqi.net/img/categories_v2/nightlife/pub_bg_512.png,https://untappd.com/venue/8325702,La Grande Barge,1,Nantes ,TRUE
https://untappd.com/venue/3880530,https://ss3.4sqi.net/img/categories_v2/nightlife/pub_bg_512.png,https://untappd.com/venue/3880530,Charly's Bar,1,Nantes ,TRUE
https://untappd.com/venue/3797102,https://ss3.4sqi.net/img/categories_v2/nightlife/pub_bg_512.png,https://untappd.com/venue/3797102,Le Melocotton,1,Nantes ,TRUE
https://untappd.com/venue/3094100,https://ss3.4sqi.net/img/categories_v2/nightlife/pub_bg_512.png,https://untappd.com/venue/3094100,Ville de CHOLET ??,1,Cholet ,TRUE
https://untappd.com/venue/2661425,https://ss3.4sqi.net/img/categories_v2/nightlife/pub_bg_512.png,https://untappd.com/venue/2661425,Donegal,1,La Roche-sur-Yon ,TRUE
https://untappd.com/venue/10853914,https://ss3.4sqi.net/img/categories_v2/nightlife/pub_bg_512.png,https://untappd.com/venue/10853914,Bar 303,1,Nantes ,TRUE
https://untappd.com/venue/7256201,https://ss3.4sqi.net/img/categories_v2/nightlife/pub_bg_512.png,https://untappd.com/venue/7256201,Guet À Pinte,1,Rezé ,TRUE
https://untappd.com/venue/6680841,https://ss3.4sqi.net/img/categories_v2/nightlife/pub_bg_512.png,https://untappd.com/venue/6680841,L'Estacade,1,Les Sables-d'Olonne ,TRUE
https://untappd.com/venue/5210308,https://ss3.4sqi.net/img/categories_v2/nightlife/pub_bg_512.png,https://untappd.com/venue/5210308,Royal Canot,1,Piriac-sur-Mer ,TRUE
https://untappd.com/venue/10701615,https://ss3.4sqi.net/img/categories_v2/nightlife/pub_bg_512.png,https://untappd.com/venue/10701615,La Guinguette des Janettes,1,Saffré ,TRUE
https://untappd.com/venue/1709909,https://assets.untappd.com/venuelogos/venue_1709909_99e9ccc5_bg_176.png?v=1,https://untappd.com/v/le-rabelais-nantes/1709909,Le Rabelais Nantes,1,Nantes ,TRUE
https://untappd.com/venue/810831,https://ss3.4sqi.net/img/categories_v2/nightlife/pub_bg_512.png,https://untappd.com/venue/810831,Le Royal Café,1,Nantes ,TRUE
https://untappd.com/venue/5406722,https://ss3.4sqi.net/img/categories_v2/nightlife/pub_bg_512.png,https://untappd.com/venue/5406722,La Guinguette des Tanneries,1,Le Mans ,TRUE
https://untappd.com/venue/10050414,https://ss3.4sqi.net/img/categories_v2/nightlife/pub_bg_512.png,https://untappd.com/venue/10050414,Brasserie Nautile - La Taproom,1,Rezé ,TRUE
https://untappd.com/venue/8200256,https://ss3.4sqi.net/img/categories_v2/nightlife/pub_bg_512.png,https://untappd.com/venue/8200256,Le Bistrot du Port,1,Rezé ,TRUE
https://untappd.com/venue/1296221,https://ss3.4sqi.net/img/categories_v2/nightlife/pub_bg_512.png,https://untappd.com/venue/1296221,Le Bar du Centre,1,Angers ,TRUE
https://untappd.com/venue/3102437,https://ss3.4sqi.net/img/categories_v2/nightlife/pub_bg_512.png,https://untappd.com/venue/3102437,Le 13 & 3,1,Nantes ,TRUE
https://untappd.com/venue/10123140,https://ss3.4sqi.net/img/categories_v2/nightlife/pub_bg_512.png,https://untappd.com/venue/10123140,Mayday,1,Les Sables-d'Olonne ,TRUE
https://untappd.com/venue/9259001,https://ss3.4sqi.net/img/categories_v2/nightlife/pub_bg_512.png,https://untappd.com/venue/9259001,Bar La Bretonnière,1,Saint-Julien-des-Landes ,TRUE
https://untappd.com/venue/7751010,https://ss3.4sqi.net/img/categories_v2/nightlife/pub_bg_512.png,https://untappd.com/venue/7751010,L'entracte,1,La Flèche ,TRUE
https://untappd.com/venue/2278936,https://ss3.4sqi.net/img/categories_v2/nightlife/pub_bg_512.png,https://untappd.com/venue/2278936,Altercafé,1,Nantes ,TRUE
https://untappd.com/venue/7485651,https://ss3.4sqi.net/img/categories_v2/nightlife/pub_bg_512.png,https://untappd.com/venue/7485651,Bar du Lieu Unique,1,Nantes ,TRUE
https://untappd.com/venue/3036756,https://ss3.4sqi.net/img/categories_v2/nightlife/pub_bg_512.png,https://untappd.com/venue/3036756,La Scène Michelet,1,Nantes ,TRUE
https://untappd.com/venue/1879211,https://ss3.4sqi.net/img/categories_v2/nightlife/pub_bg_512.png,https://untappd.com/venue/1879211,Le Coup du Lapin,1,Nantes ,TRUE
https://untappd.com/venue/1645898,https://ss3.4sqi.net/img/categories_v2/nightlife/pub_bg_512.png,https://untappd.com/venue/1645898,Le Bouffay,1,Nantes ,TRUE
https://untappd.com/venue/9009415,https://ss3.4sqi.net/img/categories_v2/nightlife/pub_bg_512.png,https://untappd.com/venue/9009415,En Rouge Et Loire,1,Les Ponts-de-Cé ,TRUE
https://untappd.com/venue/2056922,https://ss3.4sqi.net/img/categories_v2/nightlife/pub_bg_512.png,https://untappd.com/venue/2056922,Café Melusine,1,Vouvant ,TRUE
https://untappd.com/venue/9641346,https://ss3.4sqi.net/img/categories_v2/nightlife/pub_bg_512.png,https://untappd.com/venue/9641346,L’amuz’mans,1,Le Mans ,TRUE
https://untappd.com/venue/7272552,https://ss3.4sqi.net/img/categories_v2/nightlife/pub_bg_512.png,https://untappd.com/venue/7272552,L'Octopus,1,Nantes ,TRUE
https://untappd.com/venue/1863181,https://ss3.4sqi.net/img/categories_v2/nightlife/pub_bg_512.png,https://untappd.com/venue/1863181,T'es Rock Coco,1,Angers ,TRUE
https://untappd.com/venue/10713038,https://ss3.4sqi.net/img/categories_v2/nightlife/pub_bg_512.png,https://untappd.com/venue/10713038,Poum Poum T’chak,1,Nantes ,TRUE
https://untappd.com/venue/6558400,https://ss3.4sqi.net/img/categories_v2/nightlife/pub_bg_512.png,https://untappd.com/venue/6558400,O Brassin Belge,1,Le Mans ,TRUE
https://untappd.com/venue/4494292,https://ss3.4sqi.net/img/categories_v2/nightlife/pub_bg_512.png,https://untappd.com/venue/4494292,Luna Café,1,Le Mans ,TRUE
https://untappd.com/venue/4666842,https://ss3.4sqi.net/img/categories_v2/nightlife/pub_bg_512.png,https://untappd.com/venue/4666842,Le Waldeck,1,Nantes ,TRUE
https://untappd.com/venue/2996943,https://ss3.4sqi.net/img/categories_v2/nightlife/pub_bg_512.png,https://untappd.com/venue/2996943,Le Globe,1,Le Mans ,TRUE
https://untappd.com/venue/1728054,https://ss3.4sqi.net/img/categories_v2/nightlife/pub_bg_512.png,https://untappd.com/venue/1728054,Le Moderne,1,Le Mans ,TRUE
https://untappd.com/venue/4702399,https://ss3.4sqi.net/img/categories_v2/nightlife/pub_bg_512.png,https://untappd.com/venue/4702399,Le Bistro De L'océan,1,Saint-Brevin-les-Pins ,TRUE
https://untappd.com/venue/1728782,https://ss3.4sqi.net/img/categories_v2/nightlife/pub_bg_512.png,https://untappd.com/venue/1728782,Le Comptoir,1,Le Mans ,TRUE
https://untappd.com/venue/4198346,https://ss3.4sqi.net/img/categories_v2/nightlife/pub_bg_512.png,https://untappd.com/venue/4198346,La Casa de Cuba,1,Angers ,TRUE
https://untappd.com/venue/2081013,https://ss3.4sqi.net/img/categories_v2/nightlife/pub_bg_512.png,https://untappd.com/venue/2081013,La Civette,1,Angers ,TRUE
https://untappd.com/venue/6876866,https://ss3.4sqi.net/img/categories_v2/nightlife/pub_bg_512.png,https://untappd.com/venue/6876866,V and B La Ferté Bernard,1,La Ferté-Bernard ,TRUE
https://untappd.com/venue/9379976,https://ss3.4sqi.net/img/categories_v2/nightlife/pub_bg_512.png,https://untappd.com/venue/9379976,V and B Ancenis,1,Ancenis ,TRUE
https://untappd.com/venue/9356173,https://ss3.4sqi.net/img/categories_v2/nightlife/pub_bg_512.png,https://untappd.com/venue/9356173,V and B Challans,1,Challans ,TRUE
https://untappd.com/venue/9388083,https://ss3.4sqi.net/img/categories_v2/nightlife/pub_bg_512.png,https://untappd.com/venue/9388083,V and B Saumur,1,Saumur ,TRUE
https://untappd.com/venue/10062640,https://ss3.4sqi.net/img/categories_v2/nightlife/pub_bg_512.png,https://untappd.com/venue/10062640,V and B Olonne-sur-Mer,1,Olonne-sur-Mer ,TRUE
https://untappd.com/venue/8899878,https://ss3.4sqi.net/img/categories_v2/nightlife/default_bg_512.png,https://untappd.com/venue/8899878,Les Tontons Nageurs,1,La Bernerie-en-Retz ,TRUE
https://untappd.com/venue/9088390,https://ss3.4sqi.net/img/categories_v2/nightlife/default_bg_512.png,https://untappd.com/venue/9088390,Les pieds dans le sable,1,La Baule-Escoublac ,TRUE
https://untappd.com/venue/5661560,https://assets.untappd.com/venuelogos/venue_5661560_4023b50d_bg_176.png?v=1,https://untappd.com/v/le-sur-mesure-graslin/5661560,Le Sur Mesure - Graslin,1,Nantes ,TRUE
https://untappd.com/venue/8563195,https://assets.untappd.com/venuelogos/venue_8563195_5b0de23d_bg_176.png?v=1,https://untappd.com/v/la-kav/8563195,LA KAV,1,Saint-Sébastien-sur-Loire ,TRUE
https://untappd.com/venue/7944524,https://ss3.4sqi.net/img/categories_v2/nightlife/pub_bg_512.png,https://untappd.com/venue/7944524,La Baleine Déshydratée,1,Saint-Nazaire ,TRUE
https://untappd.com/venue/8353041,https://ss3.4sqi.net/img/categories_v2/nightlife/pub_bg_512.png,https://untappd.com/venue/8353041,Le local à Bières,1,Arnage ,TRUE
https://untappd.com/venue/10020679,https://ss3.4sqi.net/img/categories_v2/nightlife/pub_bg_512.png,https://untappd.com/venue/10020679,Le Garage,1,Angers ,TRUE
https://untappd.com/venue/9934065,https://ss3.4sqi.net/img/categories_v2/nightlife/pub_bg_512.png,https://untappd.com/venue/9934065,Lenox Pub,1,Carquefou ,TRUE
https://untappd.com/venue/8076700,https://ss3.4sqi.net/img/categories_v2/nightlife/pub_bg_512.png,https://untappd.com/venue/8076700,Delirium Café Angers,1,Angers ,TRUE
https://untappd.com/venue/4376981,https://ss3.4sqi.net/img/categories_v2/nightlife/pub_bg_512.png,https://untappd.com/venue/4376981,la cabane à mousse,1,Gétigné ,TRUE
https://untappd.com/venue/11544063,https://ss3.4sqi.net/img/categories_v2/nightlife/pub_bg_512.png,https://untappd.com/venue/11544063,Au Père Peinard,1,Orvault ,TRUE
https://untappd.com/venue/5254918,https://ss3.4sqi.net/img/categories_v2/nightlife/pub_bg_512.png,https://untappd.com/venue/5254918,Capsules et Bouchons,1,Guérande ,TRUE
https://untappd.com/venue/4699052,https://ss3.4sqi.net/img/categories_v2/nightlife/pub_bg_512.png,https://untappd.com/venue/4699052,O'Bock,1,Nantes ,TRUE
https://untappd.com/venue/6398163,https://ss3.4sqi.net/img/categories_v2/nightlife/pub_bg_512.png,https://untappd.com/venue/6398163,Bistrot Houblon,1,Orvault ,TRUE
https://untappd.com/venue/5190377,https://ss3.4sqi.net/img/categories_v2/nightlife/pub_bg_512.png,https://untappd.com/venue/5190377,O'100 pressions,1,Nantes ,TRUE
https://untappd.com/venue/10296042,https://ss3.4sqi.net/img/categories_v2/nightlife/pub_bg_512.png,https://untappd.com/venue/10296042,La Sourcerie,1,Nantes ,TRUE
https://untappd.com/venue/9650467,https://ss3.4sqi.net/img/categories_v2/nightlife/pub_bg_512.png,https://untappd.com/venue/9650467,La Capsule Nantes,1,Nantes ,TRUE
https://untappd.com/venue/9890871,https://ss3.4sqi.net/img/categories_v2/nightlife/pub_bg_512.png,https://untappd.com/venue/9890871,Bières et Chopes Clisson,1,Clisson ,TRUE
https://untappd.com/venue/11098997,https://ss3.4sqi.net/img/categories_v2/nightlife/pub_bg_512.png,https://untappd.com/venue/11098997,Vin Te Faire Boire,1,Nantes ,TRUE
https://untappd.com/venue/6914465,https://ss3.4sqi.net/img/categories_v2/nightlife/pub_bg_512.png,https://untappd.com/venue/6914465,Chope & Compagnie,1,Pornic ,TRUE
https://untappd.com/venue/9652305,https://ss3.4sqi.net/img/categories_v2/nightlife/pub_bg_512.png,https://untappd.com/venue/9652305,Le 18Ème Amendement,1,La Chapelle-sur-Erdre ,TRUE
https://untappd.com/venue/9455762,https://ss3.4sqi.net/img/categories_v2/nightlife/pub_bg_512.png,https://untappd.com/venue/9455762,Entrepôt 67,1,Bouguenais ,TRUE
https://untappd.com/venue/5242213,https://ss3.4sqi.net/img/categories_v2/nightlife/pub_bg_512.png,https://untappd.com/venue/5242213,Pont-Pont,1,Angers ,TRUE
https://untappd.com/venue/10257407,https://ss3.4sqi.net/img/categories_v2/nightlife/pub_bg_512.png,https://untappd.com/venue/10257407,Bières et Chopes Cholet,1,Cholet ,TRUE
https://untappd.com/venue/6549368,https://ss3.4sqi.net/img/categories_v2/nightlife/pub_bg_512.png,https://untappd.com/venue/6549368,Pub La Station,1,La Roche-sur-Yon ,TRUE
https://untappd.com/venue/9341159,https://ss3.4sqi.net/img/categories_v2/nightlife/pub_bg_512.png,https://untappd.com/venue/9341159,Lune Froide,1,Nantes ,TRUE
https://untappd.com/venue/4353913,https://ss3.4sqi.net/img/categories_v2/nightlife/pub_bg_512.png,https://untappd.com/venue/4353913,Circuit de la Bière,1,Ruaudin ,TRUE
https://untappd.com/venue/10049417,https://ss3.4sqi.net/img/categories_v2/nightlife/pub_bg_512.png,https://untappd.com/venue/10049417,Cave Bar La Bièrerie,1,Carquefou ,TRUE
https://untappd.com/venue/8076474,https://ss3.4sqi.net/img/categories_v2/nightlife/pub_bg_512.png,https://untappd.com/venue/8076474,"La Cabane À Mousse, Beaupréau",1,Beaupréau-en-Mauges ,TRUE
https://untappd.com/venue/12265232,https://ss3.4sqi.net/img/categories_v2/nightlife/pub_bg_512.png,https://untappd.com/venue/12265232,Beerworshop La Roche Sur Yon,1,La Roche-sur-Yon ,TRUE
https://untappd.com/venue/5822513,https://ss3.4sqi.net/img/categories_v2/nightlife/pub_bg_512.png,https://untappd.com/venue/5822513,L'After Work,1,Laval ,TRUE
https://untappd.com/venue/11553447,https://ss3.4sqi.net/img/categories_v2/nightlife/pub_bg_512.png,https://untappd.com/venue/11553447,3 Brasseurs Nantes Feydeau,1,Nantes ,TRUE
https://untappd.com/venue/10199993,https://ss3.4sqi.net/img/categories_v2/nightlife/pub_bg_512.png,https://untappd.com/venue/10199993,Chope Et Compagnie,1,Beaucouzé ,TRUE
https://untappd.com/venue/6538236,https://ss3.4sqi.net/img/categories_v2/nightlife/pub_bg_512.png,https://untappd.com/venue/6538236,V And B,1,Olonne-sur-Mer ,TRUE
https://untappd.com/venue/11115318,https://ss3.4sqi.net/img/categories_v2/nightlife/pub_bg_512.png,https://untappd.com/venue/11115318,Le Warlock,1,Rezé ,TRUE
https://untappd.com/venue/10816494,https://ss3.4sqi.net/img/categories_v2/nightlife/pub_bg_512.png,https://untappd.com/venue/10816494,Le Poulp,1,Nantes ,TRUE
https://untappd.com/venue/10774131,https://ss3.4sqi.net/img/categories_v2/nightlife/pub_bg_512.png,https://untappd.com/venue/10774131,Au Houblon de Barboteau,1,Les Epesses ,TRUE
https://untappd.com/venue/9317877,https://assets.untappd.com/venuelogos/venue_9317877_23994225_bg_176.png?v=1,https://untappd.com/v/amere-craft-beer-shop/9317877,Amère Craft Beer Shop,1,Nantes ,TRUE
https://untappd.com/venue/6666118,https://ss3.4sqi.net/img/categories_v2/nightlife/pub_bg_512.png,https://untappd.com/venue/6666118,V&B Nort-sur-Erdre,1,Nort-sur-Erdre ,TRUE
https://untappd.com/venue/8804561,https://ss3.4sqi.net/img/categories_v2/nightlife/pub_bg_512.png,https://untappd.com/venue/8804561,Triple B,1,Saint-Étienne-de-Montluc ,TRUE
https://untappd.com/venue/6492981,https://ss3.4sqi.net/img/categories_v2/nightlife/pub_bg_512.png,https://untappd.com/venue/6492981,Bières et Chopes Pornichet,1,Pornichet ,TRUE
https://untappd.com/venue/10647726,https://ss3.4sqi.net/img/categories_v2/nightlife/pub_bg_512.png,https://untappd.com/venue/10647726,Naoned Beer Company,1,Nantes ,TRUE
https://untappd.com/venue/9370023,https://ss3.4sqi.net/img/categories_v2/nightlife/pub_bg_512.png,https://untappd.com/venue/9370023,À contre Sens,1,Le Mans ,TRUE
https://untappd.com/venue/2253655,https://ss3.4sqi.net/img/categories_v2/nightlife/pub_bg_512.png,https://untappd.com/venue/2253655,L'Alambic,1,La Chapelle-Saint-Aubin ,TRUE
https://untappd.com/venue/4260790,https://ss3.4sqi.net/img/categories_v2/nightlife/beergarden_bg_512.png,https://untappd.com/v/la-cav-ale/4260790,La Cav ale,1,Saint-Herblain ,TRUE
https://untappd.com/venue/1369982,https://ss3.4sqi.net/img/categories_v2/nightlife/beergarden_bg_512.png,https://untappd.com/venue/1369982,Welsh,1,Angers ,TRUE
https://untappd.com/venue/696391,https://ss3.4sqi.net/img/categories_v2/nightlife/beergarden_bg_512.png,https://untappd.com/venue/696391,Le Sloop,1,Saint-Hilaire-de-Riez ,TRUE
https://untappd.com/venue/2707045,https://ss3.4sqi.net/img/categories_v2/nightlife/beergarden_bg_512.png,https://untappd.com/venue/2707045,V&B (Vin Et Biere),1,La Roche-sur-Yon ,TRUE
https://untappd.com/venue/2853011,https://ss3.4sqi.net/img/categories_v2/nightlife/beergarden_bg_512.png,https://untappd.com/venue/2853011,Le Bateau Lavoir,1,Nantes ,TRUE
https://untappd.com/venue/1622339,https://ss3.4sqi.net/img/categories_v2/nightlife/beergarden_bg_512.png,https://untappd.com/venue/1622339,Hangar A Mousses,1,Beaucouzé ,TRUE
https://untappd.com/venue/9200749,https://ss3.4sqi.net/img/categories_v2/nightlife/beergarden_bg_512.png,https://untappd.com/venue/9200749,La Guinguette Du Belvédère,1,Nantes ,TRUE
https://untappd.com/venue/11492092,https://ss3.4sqi.net/img/categories_v2/nightlife/beergarden_bg_512.png,https://untappd.com/venue/11492092,Brian’s Franse Bieren 2022,1,Jard-sur-Mer ,TRUE
https://untappd.com/venue/10605547,https://ss3.4sqi.net/img/categories_v2/nightlife/beergarden_bg_512.png,https://untappd.com/venue/10605547,Bièrodrome,1,Saint-Jean-de-Monts ,TRUE
https://untappd.com/venue/7677215,https://ss3.4sqi.net/img/categories_v2/nightlife/beergarden_bg_512.png,https://untappd.com/venue/7677215,La Cale,1,Angers ,TRUE
https://untappd.com/venue/6522757,https://ss3.4sqi.net/img/categories_v2/nightlife/beergarden_bg_512.png,https://untappd.com/venue/6522757,La Bourrine à Loulou,1,Saint-Hilaire-de-Riez ,TRUE
https://untappd.com/venue/11246538,https://ss3.4sqi.net/img/categories_v2/nightlife/beergarden_bg_512.png,https://untappd.com/venue/11246538,Chope et Compagnie Laval,1,Laval ,TRUE
https://untappd.com/venue/9178394,https://ss3.4sqi.net/img/categories_v2/nightlife/beergarden_bg_512.png,https://untappd.com/venue/9178394,Coeur De Maine,1,Angers ,TRUE
https://untappd.com/venue/3016790,https://ss3.4sqi.net/img/categories_v2/nightlife/beergarden_bg_512.png,https://untappd.com/venue/3016790,Pickwick's,1,Nantes ,TRUE
https://untappd.com/venue/3035658,https://ss3.4sqi.net/img/categories_v2/nightlife/beergarden_bg_512.png,https://untappd.com/venue/3035658,Le Terte Rouge,1,Le Mans ,TRUE
https://untappd.com/venue/4602163,https://ss3.4sqi.net/img/categories_v2/nightlife/beergarden_bg_512.png,https://untappd.com/venue/4602163,V and B La Roche Nord,3,La Roche-sur-Yon ,TRUE
https://untappd.com/venue/5246052,https://ss3.4sqi.net/img/categories_v2/nightlife/beergarden_bg_512.png,https://untappd.com/venue/5246052,Le pipeline,3,Carquefou ,TRUE
https://untappd.com/venue/6305257,https://ss3.4sqi.net/img/categories_v2/nightlife/beergarden_bg_512.png,https://untappd.com/venue/6305257,craft beer shop,3,Angers ,TRUE
https://untappd.com/venue/10068695,https://ss3.4sqi.net/img/categories_v2/nightlife/beergarden_bg_512.png,https://untappd.com/venue/10068695,La minute blonde,3,Saint-Gilles-Croix-de-Vie ,TRUE
https://untappd.com/venue/11415370,https://ss3.4sqi.net/img/categories_v2/nightlife/beergarden_bg_512.png,https://untappd.com/venue/11415370,V And B Montaigu,3,Montaigu ,TRUE
https://untappd.com/venue/9974309,https://ss3.4sqi.net/img/categories_v2/nightlife/beergarden_bg_512.png,https://untappd.com/venue/9974309,La QV,3,Noirmoutier en île ,TRUE
https://untappd.com/venue/11189343,https://assets.untappd.com/venuelogos/venue_11189343_c437ed9e_bg_176.png?v=1,https://untappd.com/v/the-place-to-beer/11189343,The Place To Beer,3,La Barre-de-Monts ,TRUE
https://untappd.com/venue/11413951,https://ss3.4sqi.net/img/categories_v2/nightlife/beergarden_bg_512.png,https://untappd.com/venue/11413951,L'entrepotes,3,Saint-Hilaire-de-Loulay ,TRUE
https://untappd.com/venue/11056863,https://ss3.4sqi.net/img/categories_v2/nightlife/beergarden_bg_512.png,https://untappd.com/venue/11056863,Temple Mousse,3,Laval ,TRUE
https://untappd.com/venue/7095731,https://ss3.4sqi.net/img/categories_v2/nightlife/beergarden_bg_512.png,https://untappd.com/venue/7095731,Grain de Sel,3,Guérande ,TRUE
https://untappd.com/venue/2189343,https://assets.untappd.com/venuelogos/venue_2189343_145cf22d_bg_176.png?v=1,https://untappd.com/v/bier-market/2189343,BIER MARKET,3,Nantes ,TRUE
https://untappd.com/venue/3427227,https://ss3.4sqi.net/img/categories_v2/food/default_bg_512.png,https://untappd.com/venue/3427227,Café du Commerce,1,Nantes ,TRUE
https://untappd.com/venue/2863808,https://ss3.4sqi.net/img/categories_v2/food/default_bg_512.png,https://untappd.com/venue/2863808,Le Select,1,Nantes ,TRUE
https://untappd.com/venue/9429998,https://ss3.4sqi.net/img/categories_v2/food/default_bg_512.png,https://untappd.com/venue/9429998,Chez Louisette,1,Nantes ,TRUE
https://untappd.com/venue/3922661,https://ss3.4sqi.net/img/categories_v2/food/default_bg_512.png,https://untappd.com/venue/3922661,Bistro du Cours,1,Nantes ,TRUE
https://untappd.com/venue/7480940,https://ss3.4sqi.net/img/categories_v2/food/default_bg_512.png,https://untappd.com/venue/7480940,O'bistro Quai,1,Nantes ,TRUE
https://untappd.com/venue/3742880,https://ss3.4sqi.net/img/categories_v2/food/default_bg_512.png,https://untappd.com/venue/3742880,Le Café de la Gare,1,Ancenis ,TRUE
https://untappd.com/venue/6261041,https://ss3.4sqi.net/img/categories_v2/food/default_bg_512.png,https://untappd.com/venue/6261041,La Cabane du Chat qui Pêche,1,Cantenay-Épinard ,TRUE
https://untappd.com/venue/6527737,https://ss3.4sqi.net/img/categories_v2/food/default_bg_512.png,https://untappd.com/venue/6527737,Brocéliandre,1,Nantes ,TRUE
https://untappd.com/venue/6675488,https://ss3.4sqi.net/img/categories_v2/food/default_bg_512.png,https://untappd.com/venue/6675488,Le Bistrot,1,Les Epesses ,TRUE
https://untappd.com/venue/1432381,https://ss3.4sqi.net/img/categories_v2/food/default_bg_512.png,https://untappd.com/venue/1432381,Le 7,1,Saumur ,TRUE
https://untappd.com/venue/3042568,https://ss3.4sqi.net/img/categories_v2/food/default_bg_512.png,https://untappd.com/venue/3042568,La Réserve,1,Le Mans ,TRUE
https://untappd.com/venue/2239298,https://ss3.4sqi.net/img/categories_v2/food/default_bg_512.png,https://untappd.com/venue/2239298,La Réserve,1,Angers ,TRUE
https://untappd.com/venue/979488,https://ss3.4sqi.net/img/categories_v2/food/cafe_bg_512.png,https://untappd.com/venue/979488,Café des Plantes,1,Nantes ,TRUE
https://untappd.com/venue/802583,https://ss3.4sqi.net/img/categories_v2/food/cafe_bg_512.png,https://untappd.com/venue/802583,Chez Lucien,1,Guérande ,TRUE
https://untappd.com/venue/3594082,https://ss3.4sqi.net/img/categories_v2/food/cafe_bg_512.png,https://untappd.com/venue/3594082,Café du Centre,1,Guérande ,TRUE
https://untappd.com/venue/365727,https://ss3.4sqi.net/img/categories_v2/food/cafe_bg_512.png,https://untappd.com/venue/365727,Café Noir,1,Noirmoutier ,TRUE
https://untappd.com/venue/3972723,https://ss3.4sqi.net/img/categories_v2/food/cafe_bg_512.png,https://untappd.com/venue/3972723,Café Landru,1,Nantes ,TRUE
https://untappd.com/venue/4327053,https://ss3.4sqi.net/img/categories_v2/food/cafe_bg_512.png,https://untappd.com/venue/4327053,Café du Passage,1,Nantes ,TRUE
https://untappd.com/venue/3594311,https://ss3.4sqi.net/img/categories_v2/food/cafe_bg_512.png,https://untappd.com/venue/3594311,Le Kiosq,1,Saint-Nazaire ,TRUE
https://untappd.com/venue/7879367,https://ss3.4sqi.net/img/categories_v2/food/cafe_bg_512.png,https://untappd.com/venue/7879367,La Guinguette,1,Rezé ,TRUE
https://untappd.com/venue/8066059,https://ss3.4sqi.net/img/categories_v2/food/cafe_bg_512.png,https://untappd.com/venue/8066059,Le Calumet,1,Brétignolles-sur-Mer ,TRUE
https://untappd.com/venue/5022964,https://ss3.4sqi.net/img/categories_v2/food/cafe_bg_512.png,https://untappd.com/venue/5022964,Cafe De La Tour,1,Pornichet ,TRUE
https://untappd.com/venue/4867614,https://ss3.4sqi.net/img/categories_v2/food/cafe_bg_512.png,https://untappd.com/venue/4867614,Le Café du Marché,1,Nantes ,TRUE
https://untappd.com/venue/1490145,https://ss3.4sqi.net/img/categories_v2/food/cafe_bg_512.png,https://untappd.com/venue/1490145,Le Canotier,1,Nantes ,TRUE
https://untappd.com/venue/2044180,https://ss3.4sqi.net/img/categories_v2/food/cafe_bg_512.png,https://untappd.com/venue/2044180,Bar Tabac Le Jean Bart,1,Noirmoutier ,TRUE
https://untappd.com/venue/3246577,https://ss3.4sqi.net/img/categories_v2/food/cafe_bg_512.png,https://untappd.com/venue/3246577,Café des Expositions,1,Nantes ,TRUE
https://untappd.com/venue/8001882,https://ss3.4sqi.net/img/categories_v2/food/cafe_bg_512.png,https://untappd.com/venue/8001882,Le St Michel,1,Noirmoutier ,TRUE
https://untappd.com/venue/5034162,https://ss3.4sqi.net/img/categories_v2/food/cafe_bg_512.png,https://untappd.com/venue/5034162,Le Brissac,1,Brissac-Quincé ,TRUE
https://untappd.com/venue/6730424,https://ss3.4sqi.net/img/categories_v2/food/cafe_bg_512.png,https://untappd.com/venue/6730424,Mata Hari,1,Nantes ,TRUE
https://untappd.com/venue/5181704,https://ss3.4sqi.net/img/categories_v2/food/cafe_bg_512.png,https://untappd.com/venue/5181704,La Cave et Vous,1,Vallet ,TRUE
https://untappd.com/venue/4911423,https://ss3.4sqi.net/img/categories_v2/food/cafe_bg_512.png,https://untappd.com/venue/4911423,Le Grenier à Sel,1,Orvault ,TRUE
https://untappd.com/venue/5268965,https://ss3.4sqi.net/img/categories_v2/food/cafe_bg_512.png,https://untappd.com/venue/5268965,Brasserie Du Bon Coin,1,Les Rosiers-sur-Loire ,TRUE
https://untappd.com/venue/5047275,https://ss3.4sqi.net/img/categories_v2/food/cafe_bg_512.png,https://untappd.com/venue/5047275,Cafe du port,1,Saint-Gilles-Croix-de-Vie ,TRUE
https://untappd.com/venue/8622328,https://ss3.4sqi.net/img/categories_v2/food/cafe_bg_512.png,https://untappd.com/venue/8622328,La Belle Époque,1,Angers ,TRUE
https://untappd.com/venue/4708176,https://ss3.4sqi.net/img/categories_v2/food/cafe_bg_512.png,https://untappd.com/venue/4708176,Café du Square,1,Le Mans ,TRUE
https://untappd.com/venue/2244562,https://ss3.4sqi.net/img/categories_v2/food/cafe_bg_512.png,https://untappd.com/venue/2244562,Le Bistrot,1,Angers ,TRUE
https://untappd.com/venue/2955374,https://ss3.4sqi.net/img/categories_v2/food/cafe_bg_512.png,https://untappd.com/venue/2955374,Le Grand Café,1,Cholet ,TRUE
https://untappd.com/venue/3458947,https://ss3.4sqi.net/img/categories_v2/food/cafe_bg_512.png,https://untappd.com/venue/3458947,La Trinquette,1,Nantes ,TRUE
https://untappd.com/venue/2326709,https://ss3.4sqi.net/img/categories_v2/food/cafe_bg_512.png,https://untappd.com/venue/2326709,Le Café de l'Île,1,Nantes ,TRUE
https://untappd.com/venue/2778214,https://ss3.4sqi.net/img/categories_v2/food/cafe_bg_512.png,https://untappd.com/venue/2778214,Le Moliere,1,Nantes ,TRUE
https://untappd.com/venue/3398290,https://ss3.4sqi.net/img/categories_v2/nightlife/cocktails_bg_512.png,https://untappd.com/venue/3398290,theo spot,1,Saint-Gilles-Croix-de-Vie ,TRUE
https://untappd.com/venue/5508382,https://ss3.4sqi.net/img/categories_v2/nightlife/cocktails_bg_512.png,https://untappd.com/venue/5508382,Au Fût et à mesure,1,Angers ,TRUE
https://untappd.com/venue/2921484,https://ss3.4sqi.net/img/categories_v2/nightlife/cocktails_bg_512.png,https://untappd.com/venue/2921484,KF du Port,1,Saint-Gilles-Croix-de-Vie ,TRUE
https://untappd.com/venue/2619481,https://ss3.4sqi.net/img/categories_v2/nightlife/cocktails_bg_512.png,https://untappd.com/venue/2619481,Le Santeuil,1,Nantes ,TRUE
https://untappd.com/venue/4708054,https://ss3.4sqi.net/img/categories_v2/nightlife/cocktails_bg_512.png,https://untappd.com/venue/4708054,Havana,1,Les Sables-d'Olonne ,TRUE
https://untappd.com/venue/4457033,https://ss3.4sqi.net/img/categories_v2/nightlife/cocktails_bg_512.png,https://untappd.com/venue/4457033,L'Univers,1,Nantes ,TRUE
https://untappd.com/venue/1936779,https://ss3.4sqi.net/img/categories_v2/nightlife/cocktails_bg_512.png,https://untappd.com/venue/1936779,Kaz'a'rhum,1,Notre-Dame-de-Monts ,TRUE
https://untappd.com/venue/2856391,https://ss3.4sqi.net/img/categories_v2/food/coffeeshop_bg_512.png,https://untappd.com/venue/2856391,Chez Ta Mère,1,Nantes ,TRUE
https://untappd.com/venue/7897419,https://ss3.4sqi.net/img/categories_v2/food/coffeeshop_bg_512.png,https://untappd.com/venue/7897419,Grind Café,1,La Roche-sur-Yon ,TRUE
https://untappd.com/venue/8310944,https://ss3.4sqi.net/img/categories_v2/food/coffeeshop_bg_512.png,https://untappd.com/venue/8310944,Glaz,1,Nantes ,TRUE
https://untappd.com/venue/698096,https://ss3.4sqi.net/img/categories_v2/arts_entertainment/musicvenue_bg_512.png,https://untappd.com/venue/698096,Le Lieu Unique,1,Nantes ,TRUE
https://untappd.com/venue/2808135,https://ss3.4sqi.net/img/categories_v2/food/diner_bg_512.png,https://untappd.com/venue/2808135,Cap Horn,1,Laval ,TRUE
https://untappd.com/venue/6822211,https://ss3.4sqi.net/img/categories_v2/nightlife/divebar_bg_512.png,https://untappd.com/venue/6822211,Le Gambetta,1,Nantes ,TRUE
https://untappd.com/venue/4908698,https://ss3.4sqi.net/img/categories_v2/nightlife/divebar_bg_512.png,https://untappd.com/venue/4908698,Warriors Camp,1,Clisson ,TRUE
https://untappd.com/venue/10095963,https://ss3.4sqi.net/img/categories_v2/nightlife/divebar_bg_512.png,https://untappd.com/venue/10095963,Bar Du Zagarella,1,Longeville-sur-Mer ,TRUE
https://untappd.com/venue/5879503,https://ss3.4sqi.net/img/categories_v2/parks_outdoors/divespot_bg_512.png,https://untappd.com/venue/5879503,csad plongée Angers,1,Angers ,TRUE
https://untappd.com/venue/4530049,https://ss3.4sqi.net/img/categories_v2/shops/food_farmersmarket_bg_512.png,https://untappd.com/venue/4530049,Marché de Talensac,6,Nantes ,TRUE
https://untappd.com/venue/5163639,https://ss3.4sqi.net/img/categories_v2/shops/food_farmersmarket_bg_512.png,https://untappd.com/venue/5163639,Marché de Notre-Dame-de-Monts,6,Notre-Dame-de-Monts ,TRUE
https://untappd.com/venue/3749762,https://ss3.4sqi.net/img/categories_v2/shops/food_farmersmarket_bg_512.png,https://untappd.com/venue/3749762,Halles de Saint-Nazaire,6,Saint-Nazaire ,TRUE
https://untappd.com/venue/5858241,https://ss3.4sqi.net/img/categories_v2/shops/food_farmersmarket_bg_512.png,https://untappd.com/venue/5858241,Marché de la place Lafayette,6,Angers ,TRUE
https://untappd.com/venue/7859049,https://ss3.4sqi.net/img/categories_v2/shops/foodanddrink_bg_512.png,https://untappd.com/venue/7859049,Autour du Goût,3,Orvault ,TRUE
https://untappd.com/venue/2704702,https://ss3.4sqi.net/img/categories_v2/shops/foodanddrink_bg_512.png,https://untappd.com/venue/2704702,Noz Nantes,3,Orvault ,TRUE
https://untappd.com/venue/1895520,https://ss3.4sqi.net/img/categories_v2/shops/foodanddrink_bg_512.png,https://untappd.com/venue/1895520,la chope ambrée,3,Arçonnay ,TRUE
https://untappd.com/venue/1924285,https://ss3.4sqi.net/img/categories_v2/shops/food_foodcourt_bg_512.png,https://untappd.com/venue/1924285,La Cantine du Voyage,3,Nantes ,TRUE
https://untappd.com/venue/3093947,https://ss3.4sqi.net/img/categories_v2/food/gastropub_bg_512.png,https://untappd.com/venue/3093947,Le Pierrot,1,Les Sables-d'Olonne ,TRUE
https://untappd.com/venue/94328,https://ss3.4sqi.net/img/categories_v2/food/gastropub_bg_512.png,https://untappd.com/venue/94328,Le Trou Du Fût,1,Saint-Nazaire ,TRUE
https://untappd.com/venue/3558525,https://ss3.4sqi.net/img/categories_v2/food/gastropub_bg_512.png,https://untappd.com/venue/3558525,Le Conti,1,Cholet ,TRUE
https://untappd.com/venue/1739216,https://ss3.4sqi.net/img/categories_v2/food/gastropub_bg_512.png,https://untappd.com/venue/1739216,Le Phare West,1,Tranche-sur-Mer ,TRUE
https://untappd.com/venue/7345657,https://ss3.4sqi.net/img/categories_v2/food/gastropub_bg_512.png,https://untappd.com/venue/7345657,Au Bureau Basse-Goulaine,1,Nantes ,TRUE
https://untappd.com/venue/10725536,https://ss3.4sqi.net/img/categories_v2/food/gastropub_bg_512.png,https://untappd.com/venue/10725536,Le Château,1,Pornic ,TRUE
https://untappd.com/venue/2152586,https://ss3.4sqi.net/img/categories_v2/food/gastropub_bg_512.png,https://untappd.com/venue/2152586,L'Épicerie,1,Nantes ,TRUE
https://untappd.com/venue/876501,https://ss3.4sqi.net/img/categories_v2/food/gastropub_bg_512.png,https://untappd.com/venue/876501,Nina à la Plage,1,Pornichet ,TRUE
https://untappd.com/venue/6456647,https://ss3.4sqi.net/img/categories_v2/parks_outdoors/harbor_bg_512.png,https://untappd.com/venue/6456647,Péniche Mesnil,6,Ménil ,TRUE
https://untappd.com/venue/6323075,https://ss3.4sqi.net/img/categories_v2/parks_outdoors/harbor_bg_512.png,https://untappd.com/venue/6323075,Gare Maritime de l'Île d'Yeu,6,Port-Joinville ,TRUE
https://untappd.com/venue/8159864,https://ss3.4sqi.net/img/categories_v2/parks_outdoors/harbor_bg_512.png,https://untappd.com/venue/8159864,Port de Blain,6,Blain ,TRUE
https://untappd.com/venue/6626517,https://ss3.4sqi.net/img/categories_v2/parks_outdoors/harbor_bg_512.png,https://untappd.com/venue/6626517,Quai des Antilles,6,Nantes ,TRUE
https://untappd.com/venue/1767643,https://ss3.4sqi.net/img/categories_v2/parks_outdoors/harbor_bg_512.png,https://untappd.com/venue/1767643,Vieux-Port de Pornic,6,Pornic ,TRUE
https://untappd.com/venue/4732437,https://ss3.4sqi.net/img/categories_v2/parks_outdoors/harbor_bg_512.png,https://untappd.com/venue/4732437,Port de Pêche Saint-Gilles-Croix-de-Vie,6,Saint-Gilles-Croix-de-Vie ,TRUE
https://untappd.com/venue/1606824,https://ss3.4sqi.net/img/categories_v2/parks_outdoors/harbor_bg_512.png,https://untappd.com/venue/1606824,Port des Sables-d'Olonne,6,Les Sables-d'Olonne ,TRUE
https://untappd.com/venue/5071789,https://ss3.4sqi.net/img/categories_v2/parks_outdoors/harbor_bg_512.png,https://untappd.com/venue/5071789,Port de plaisance de Pornic,6,Pornic ,TRUE
https://untappd.com/venue/1937724,https://ss3.4sqi.net/img/categories_v2/parks_outdoors/harbor_bg_512.png,https://untappd.com/venue/1937724,Port Joinville,6,L'Île-d'Yeu ,TRUE
https://untappd.com/venue/3889957,https://ss3.4sqi.net/img/categories_v2/parks_outdoors/harbor_bg_512.png,https://untappd.com/venue/3889957,Port de la Turballe,6,La Turballe ,TRUE
https://untappd.com/venue/944757,https://ss3.4sqi.net/img/categories_v2/parks_outdoors/harbor_bg_512.png,https://untappd.com/venue/944757,Port de Bourgenay,6,Talmont-Saint-Hilaire ,TRUE
https://untappd.com/venue/8167150,https://ss3.4sqi.net/img/categories_v2/parks_outdoors/harbor_bg_512.png,https://untappd.com/venue/8167150,Port De La Faute Sur Mer,6,La Faute-sur-Mer ,TRUE
https://untappd.com/venue/3458398,https://ss3.4sqi.net/img/categories_v2/parks_outdoors/harbor_bg_512.png,https://untappd.com/venue/3458398,Port de l'Herbaudière,6,Noirmoutier ,TRUE
https://untappd.com/venue/3414065,https://ss3.4sqi.net/img/categories_v2/parks_outdoors/harbor_bg_512.png,https://untappd.com/venue/3414065,Port de Piriac-sur-Mer,6,Piriac-sur-Mer ,TRUE
https://untappd.com/venue/3323092,https://ss3.4sqi.net/img/categories_v2/parks_outdoors/harbor_bg_512.png,https://untappd.com/venue/3323092,Port du Pouliguen,6,Le Pouliguen ,TRUE
https://untappd.com/venue/2705234,https://ss3.4sqi.net/img/categories_v2/parks_outdoors/harbor_bg_512.png,https://untappd.com/venue/2705234,Port du Croisic,6,Le Croisic ,TRUE
https://untappd.com/venue/2048575,https://ss3.4sqi.net/img/categories_v2/parks_outdoors/harbor_bg_512.png,https://untappd.com/venue/2048575,Port Nazaire,6,Saint-Nazaire ,TRUE
https://untappd.com/venue/6246629,https://ss3.4sqi.net/img/categories_v2/parks_outdoors/harbor_bg_512.png,https://untappd.com/venue/6246629,Port de Sablé-sur-Sarthe,6,Sablé-sur-Sarthe ,TRUE
https://untappd.com/venue/3512970,https://ss3.4sqi.net/img/categories_v2/parks_outdoors/harbor_bg_512.png,https://untappd.com/venue/3512970,Port de Trentemoult,6,Rezé ,TRUE
https://untappd.com/venue/5306934,https://ss3.4sqi.net/img/categories_v2/travel/hotel_bar_bg_512.png,https://untappd.com/venue/5306934,La MI,1,Carquefou ,TRUE
https://untappd.com/venue/1477096,https://ss3.4sqi.net/img/categories_v2/travel/hotel_bar_bg_512.png,https://untappd.com/venue/1477096,Hotel Escale Oceania Pornichet,1,Pornichet ,TRUE
https://untappd.com/venue/5758039,https://ss3.4sqi.net/img/categories_v2/travel/hotel_bar_bg_512.png,https://untappd.com/venue/5758039,Le Grand Café,1,La Roche-sur-Yon ,TRUE
https://untappd.com/venue/10258747,https://ss3.4sqi.net/img/categories_v2/travel/hotel_bar_bg_512.png,https://untappd.com/venue/10258747,Monkey Place,1,La Roche-sur-Yon ,TRUE
https://untappd.com/venue/2361601,https://ss3.4sqi.net/img/categories_v2/travel/hotel_bar_bg_512.png,https://untappd.com/venue/2361601,La Piette Hotel,1,Bocé ,TRUE
https://untappd.com/venue/10253083,https://ss3.4sqi.net/img/categories_v2/travel/hotel_bar_bg_512.png,https://untappd.com/venue/10253083,V and B Blain,1,Blain ,TRUE
https://untappd.com/venue/1392315,https://ss3.4sqi.net/img/categories_v2/nightlife/pub_bg_512.png,https://untappd.com/venue/1392315,Le James Joyce,1,Angers ,TRUE
https://untappd.com/venue/1293414,https://ss3.4sqi.net/img/categories_v2/nightlife/pub_bg_512.png,https://untappd.com/venue/1293414,Le Matt Murphy's,1,Angers ,TRUE
https://untappd.com/venue/2623492,https://ss3.4sqi.net/img/categories_v2/nightlife/pub_bg_512.png,https://untappd.com/venue/2623492,Dedannan Celtic Pub,1,Nantes ,TRUE
https://untappd.com/venue/10810626,https://ss3.4sqi.net/img/categories_v2/nightlife/pub_bg_512.png,https://untappd.com/venue/10810626,Black Sheep Tavern,1,Saint-Nazaire ,TRUE
https://untappd.com/venue/2391078,https://ss3.4sqi.net/img/categories_v2/shops/food_liquor_bg_512.png,https://untappd.com/v/bierese-choppes/2391078,Bières'e Choppes,5,Bouguenais ,TRUE
https://untappd.com/venue/4638475,https://ss3.4sqi.net/img/categories_v2/nightlife/default_bg_512.png,https://untappd.com/venue/4638475,Black Peat,1,Angers ,TRUE
https://untappd.com/venue/3695290,https://ss3.4sqi.net/img/categories_v2/nightlife/default_bg_512.png,https://untappd.com/venue/3695290,Le Cocoon,1,Challans ,TRUE
https://untappd.com/venue/1852271,https://ss3.4sqi.net/img/categories_v2/nightlife/default_bg_512.png,https://untappd.com/venue/1852271,CafK,1,Nantes ,TRUE
https://untappd.com/venue/2325919,https://ss3.4sqi.net/img/categories_v2/nightlife/default_bg_512.png,https://untappd.com/venue/2325919,L'alambic Electric,1,Angers ,TRUE
https://untappd.com/venue/3797017,https://ss3.4sqi.net/img/categories_v2/nightlife/default_bg_512.png,https://untappd.com/venue/3797017,Le Graslin de Folie,1,Nantes ,TRUE
https://untappd.com/venue/2134967,https://ss3.4sqi.net/img/categories_v2/nightlife/default_bg_512.png,https://untappd.com/venue/2134967,La Scierie,1,Nantes ,TRUE
https://untappd.com/venue/2992278,https://ss3.4sqi.net/img/categories_v2/nightlife/default_bg_512.png,https://untappd.com/venue/2992278,La Bodega,1,Nantes ,TRUE
https://untappd.com/venue/3413181,https://ss3.4sqi.net/img/categories_v2/nightlife/default_bg_512.png,https://untappd.com/venue/3413181,7 Beaufort,1,Saint-Brevin-les-Pins ,TRUE
https://untappd.com/venue/778000,https://ss3.4sqi.net/img/categories_v2/nightlife/default_bg_512.png,https://untappd.com/venue/778000,Punch In Baule,1,La Baule-Escoublac ,TRUE
https://untappd.com/venue/3669341,https://ss3.4sqi.net/img/categories_v2/nightlife/default_bg_512.png,https://untappd.com/venue/3669341,Melody Nel'son,1,Cholet ,TRUE
https://untappd.com/venue/11635601,https://ss3.4sqi.net/img/categories_v2/nightlife/default_bg_512.png,https://untappd.com/venue/11635601,Le Wilton,1,Rezé ,TRUE
https://untappd.com/venue/3960542,https://ss3.4sqi.net/img/categories_v2/nightlife/default_bg_512.png,https://untappd.com/venue/3960542,L8,1,Nantes ,TRUE
https://untappd.com/venue/8183963,https://ss3.4sqi.net/img/categories_v2/nightlife/default_bg_512.png,https://untappd.com/venue/8183963,B.a.ba.r,1,Pornichet ,TRUE
https://untappd.com/venue/5160190,https://ss3.4sqi.net/img/categories_v2/nightlife/default_bg_512.png,https://untappd.com/venue/5160190,La Comète,1,Les Sables-d'Olonne ,TRUE
https://untappd.com/venue/2885688,https://ss3.4sqi.net/img/categories_v2/nightlife/default_bg_512.png,https://untappd.com/venue/2885688,L'Absence,1,Nantes ,TRUE
https://untappd.com/venue/2964655,https://ss3.4sqi.net/img/categories_v2/nightlife/default_bg_512.png,https://untappd.com/venue/2964655,PULP - Cosmopolitan Bar,1,Nantes ,TRUE
https://untappd.com/venue/6904534,https://ss3.4sqi.net/img/categories_v2/nightlife/default_bg_512.png,https://untappd.com/venue/6904534,L'1passe,1,Pornic ,TRUE
https://untappd.com/venue/1336033,https://ss3.4sqi.net/img/categories_v2/nightlife/default_bg_512.png,https://untappd.com/venue/1336033,Au Vestiaire,1,Nantes ,TRUE
https://untappd.com/venue/1209632,https://ss3.4sqi.net/img/categories_v2/nightlife/default_bg_512.png,https://untappd.com/venue/1209632,Le Nid,1,Nantes ,TRUE
https://untappd.com/venue/5835059,https://ss3.4sqi.net/img/categories_v2/nightlife/default_bg_512.png,https://untappd.com/venue/5835059,V and B Le Mans,1,Le Mans ,TRUE
https://untappd.com/venue/9663385,https://ss3.4sqi.net/img/categories_v2/shops/market_bg_512.png,https://untappd.com/venue/9663385,Marché du Vieux Doulon,5,Nantes ,TRUE
https://untappd.com/venue/12068885,https://ss3.4sqi.net/img/categories_v2/shops/market_bg_512.png,https://untappd.com/venue/12068885,Biltoki - Halles Coeur De Maine,5,Angers ,TRUE
https://untappd.com/venue/3538779,https://ss3.4sqi.net/img/categories_v2/shops/market_bg_512.png,https://untappd.com/venue/3538779,Marché de Pornichet,5,Pornichet ,TRUE
https://untappd.com/venue/2103632,https://ss3.4sqi.net/img/categories_v2/nightlife/pub_bg_512.png,https://untappd.com/v/les-berthom/2103632,Les BeRThoM,1,Angers ,TRUE
https://untappd.com/venue/1327412,https://ss3.4sqi.net/img/categories_v2/nightlife/pub_bg_512.png,https://untappd.com/v/v-and-b-v-and-b-nantes/1327412,V&B (V and B Nantes),1,Sainte-Luce-sur-Loire ,TRUE
https://untappd.com/venue/1896182,https://ss3.4sqi.net/img/categories_v2/nightlife/pub_bg_512.png,https://untappd.com/venue/1896182,Gigg's Irish Pub,1,Nantes ,TRUE
https://untappd.com/venue/608679,https://ss3.4sqi.net/img/categories_v2/nightlife/pub_bg_512.png,https://untappd.com/venue/608679,Le Fleming's,1,Nantes ,TRUE
https://untappd.com/venue/1498618,https://ss3.4sqi.net/img/categories_v2/nightlife/pub_bg_512.png,https://untappd.com/venue/1498618,John McByrne,1,Nantes ,TRUE
https://untappd.com/venue/2707152,https://ss3.4sqi.net/img/categories_v2/nightlife/pub_bg_512.png,https://untappd.com/venue/2707152,The Green Sheep,1,Nantes ,TRUE
https://untappd.com/venue/1478630,https://ss3.4sqi.net/img/categories_v2/nightlife/pub_bg_512.png,https://untappd.com/venue/1478630,Buck Mulligan's,1,Nantes ,TRUE
https://untappd.com/venue/1613734,https://ss3.4sqi.net/img/categories_v2/nightlife/pub_bg_512.png,https://untappd.com/venue/1613734,Mulligan's Pub,1,Le Mans ,TRUE
https://untappd.com/venue/2679811,https://ss3.4sqi.net/img/categories_v2/nightlife/pub_bg_512.png,https://untappd.com/venue/2679811,O'Regans,1,Laval ,TRUE
https://untappd.com/venue/4662698,https://ss3.4sqi.net/img/categories_v2/nightlife/pub_bg_512.png,https://untappd.com/venue/4662698,Peter Mc Cool,1,Nantes ,TRUE
https://untappd.com/venue/769509,https://ss3.4sqi.net/img/categories_v2/nightlife/pub_bg_512.png,https://untappd.com/venue/769509,Le Pub Ralliement,1,Angers ,TRUE
https://untappd.com/venue/9286631,https://ss3.4sqi.net/img/categories_v2/nightlife/pub_bg_512.png,https://untappd.com/venue/9286631,Le Guet à Pintes,1,Le Mans ,TRUE
https://untappd.com/venue/11799864,https://ss3.4sqi.net/img/categories_v2/nightlife/pub_bg_512.png,https://untappd.com/venue/11799864,Delirium Café Le Mans,1,Le Mans ,TRUE
https://untappd.com/venue/7264419,https://ss3.4sqi.net/img/categories_v2/nightlife/pub_bg_512.png,https://untappd.com/venue/7264419,The King's Head,1,Nantes ,TRUE
https://untappd.com/venue/1013208,https://ss3.4sqi.net/img/categories_v2/nightlife/pub_bg_512.png,https://untappd.com/venue/1013208,L'Irlandais,1,Angers ,TRUE
https://untappd.com/venue/5663108,https://ss3.4sqi.net/img/categories_v2/nightlife/pub_bg_512.png,https://untappd.com/venue/5663108,French pub,1,Saint-Sébastien-sur-Loire ,TRUE
https://untappd.com/venue/546939,https://ss3.4sqi.net/img/categories_v2/nightlife/pub_bg_512.png,https://untappd.com/venue/546939,The Famous Knight,1,Couptrain ,TRUE
https://untappd.com/venue/4448022,https://ss3.4sqi.net/img/categories_v2/nightlife/pub_bg_512.png,https://untappd.com/venue/4448022,The Elephant Pub,1,Le Mans ,TRUE
https://untappd.com/venue/2644544,https://ss3.4sqi.net/img/categories_v2/nightlife/pub_bg_512.png,https://untappd.com/venue/2644544,Le Lodge,1,Le Mans ,TRUE
https://untappd.com/venue/1596763,https://ss3.4sqi.net/img/categories_v2/nightlife/pub_bg_512.png,https://untappd.com/venue/1596763,Le Kilkeny,1,Pornichet ,TRUE
https://untappd.com/venue/3715241,https://ss3.4sqi.net/img/categories_v2/nightlife/pub_bg_512.png,https://untappd.com/venue/3715241,pub guinness mac arthur,1,Saint-Herblain ,TRUE
https://untappd.com/venue/1025801,https://ss3.4sqi.net/img/categories_v2/nightlife/pub_bg_512.png,https://untappd.com/venue/1025801,Bar Le Local Tabac,1,Couesmes-Vaucé ,TRUE
https://untappd.com/venue/5074822,https://ss3.4sqi.net/img/categories_v2/nightlife/pub_bg_512.png,https://untappd.com/venue/5074822,Pub Henri IV,1,La Flèche ,TRUE
https://untappd.com/venue/10670038,https://ss3.4sqi.net/img/categories_v2/nightlife/pub_bg_512.png,https://untappd.com/venue/10670038,Guine’s Pub,1,Les Sables-d'Olonne ,TRUE
https://untappd.com/venue/2371076,https://ss3.4sqi.net/img/categories_v2/nightlife/pub_bg_512.png,https://untappd.com/venue/2371076,Le Saint James Pub,1,Pornichet ,TRUE
https://untappd.com/venue/1089396,https://ss3.4sqi.net/img/categories_v2/nightlife/pub_bg_512.png,https://untappd.com/venue/1089396,Le Dublin's,1,Angers ,TRUE
https://untappd.com/venue/2680202,https://ss3.4sqi.net/img/categories_v2/nightlife/pub_bg_512.png,https://untappd.com/venue/2680202,De Dannan,1,Nantes ,TRUE
https://untappd.com/venue/1437193,https://ss3.4sqi.net/img/categories_v2/nightlife/pub_bg_512.png,https://untappd.com/venue/1437193,Le Dock Yard,1,Nantes ,TRUE
https://untappd.com/venue/1342139,https://ss3.4sqi.net/img/categories_v2/nightlife/pub_bg_512.png,https://untappd.com/v/jokers-pub/1342139,Joker's Pub,1,Angers ,TRUE
https://untappd.com/venue/2702845,https://ss3.4sqi.net/img/categories_v2/nightlife/pub_bg_512.png,https://untappd.com/venue/2702845,Au Chat Noir,1,Nantes ,TRUE
https://untappd.com/venue/1013211,https://assets.untappd.com/venuelogos/venue_1013211_4d8eb9dd_bg_176.png?v=1,https://untappd.com/v/donalds-pub/1013211,Donald's Pub,1,Angers ,TRUE
https://untappd.com/venue/6052224,https://ss3.4sqi.net/img/categories_v2/shops/food_grocery_bg_512.png,https://untappd.com/venue/6052224,Chez Pascal,5,La Roche-sur-Yon ,TRUE
https://untappd.com/venue/3471448,https://ss3.4sqi.net/img/categories_v2/shops/food_grocery_bg_512.png,https://untappd.com/venue/3471448,Hyper U,5,Saint-Hilaire-de-Riez ,TRUE
https://untappd.com/venue/1035348,https://ss3.4sqi.net/img/categories_v2/shops/food_grocery_bg_512.png,https://untappd.com/venue/1035348,Super U,5,Gorron ,TRUE
https://untappd.com/venue/6269135,https://ss3.4sqi.net/img/categories_v2/shops/food_grocery_bg_512.png,https://untappd.com/venue/6269135,Super U,5,La Tranche-sur-Mer ,TRUE
https://untappd.com/venue/5188934,https://ss3.4sqi.net/img/categories_v2/shops/food_grocery_bg_512.png,https://untappd.com/venue/5188934,E.Leclerc,5,Saint-Gilles-Croix-de-Vie ,TRUE
https://untappd.com/venue/8002752,https://ss3.4sqi.net/img/categories_v2/shops/food_grocery_bg_512.png,https://untappd.com/venue/8002752,Intermarché Contact et Drive,5,Port-Saint-Père ,TRUE
https://untappd.com/venue/3202030,https://ss3.4sqi.net/img/categories_v2/shops/food_grocery_bg_512.png,https://untappd.com/venue/3202030,Carrefour Contact,5,"Bedoin, PAYS DE LA LOIRE",TRUE
https://untappd.com/venue/8115792,https://ss3.4sqi.net/img/categories_v2/shops/food_grocery_bg_512.png,https://untappd.com/venue/8115792,Carrefour City,5,Challans ,TRUE
https://untappd.com/venue/10462204,https://ss3.4sqi.net/img/categories_v2/shops/food_grocery_bg_512.png,https://untappd.com/venue/10462204,Carrefour Market,5,Sablé-sur-Sarthe ,TRUE
https://untappd.com/venue/6257740,https://ss3.4sqi.net/img/categories_v2/shops/food_grocery_bg_512.png,https://untappd.com/venue/6257740,Carrefour Market,5,Pornichet ,TRUE
https://untappd.com/venue/3175422,https://ss3.4sqi.net/img/categories_v2/shops/food_grocery_bg_512.png,https://untappd.com/venue/3175422,Super U,5,Nantes ,TRUE
https://untappd.com/venue/4991556,https://ss3.4sqi.net/img/categories_v2/parks_outdoors/surfspot_bg_512.png,https://untappd.com/venue/4991556,Plage des Conches,6,Longeville-sur-Mer ,TRUE
https://untappd.com/venue/960898,https://ss3.4sqi.net/img/categories_v2/parks_outdoors/surfspot_bg_512.png,https://untappd.com/venue/960898,Plage de Saint Jean de Monts,6,Saint-Jean-de-Monts ,TRUE
https://untappd.com/venue/1009276,https://ss3.4sqi.net/img/categories_v2/parks_outdoors/surfspot_bg_512.png,https://untappd.com/venue/1009276,plage Clémenceau,6,La Tranche-sur-Mer ,TRUE
https://untappd.com/venue/6518593,https://ss3.4sqi.net/img/categories_v2/parks_outdoors/surfspot_bg_512.png,https://untappd.com/venue/6518593,La Govelle,6,Batz-sur-Mer ,TRUE
https://untappd.com/venue/6877428,https://ss3.4sqi.net/img/categories_v2/food/sushi_bg_512.png,https://untappd.com/venue/6877428,sushi'kito,6,Nantes ,TRUE
https://untappd.com/venue/10054404,https://ss3.4sqi.net/img/categories_v2/food/winery_bg_512.png,https://untappd.com/venue/10054404,V and B Basse-Goulaine,3,Basse-Goulaine ,TRUE
https://untappd.com/venue/9358022,https://ss3.4sqi.net/img/categories_v2/food/winery_bg_512.png,https://untappd.com/venue/9358022,Vacarme,3,Nantes ,TRUE
https://untappd.com/venue/1197535,https://ss3.4sqi.net/img/categories_v2/food/winery_bg_512.png,https://untappd.com/venue/1197535,V and B Avrillé,3,Avrillé ,TRUE
https://untappd.com/venue/9096067,https://ss3.4sqi.net/img/categories_v2/food/winery_bg_512.png,https://untappd.com/venue/9096067,BeToBib,3,Cholet ,TRUE
https://untappd.com/venue/2545740,https://ss3.4sqi.net/img/categories_v2/food/winery_bg_512.png,https://untappd.com/venue/2545740,La Tonnelle,3,Saumur ,TRUE
https://untappd.com/venue/2515514,https://ss3.4sqi.net/img/categories_v2/shops/food_wineshop_bg_512.png,https://untappd.com/venue/2515514,VandB,3,Saumur ,TRUE
https://untappd.com/venue/10055574,https://ss3.4sqi.net/img/categories_v2/shops/food_wineshop_bg_512.png,https://untappd.com/venue/10055574,Maison Jaja,3,Nantes ,TRUE
https://untappd.com/venue/380356,https://ss3.4sqi.net/img/categories_v2/shops/food_wineshop_bg_512.png,https://untappd.com/venue/380356,Le Souffleur De Bières,3,Nantes ,TRUE
https://untappd.com/venue/1587040,https://ss3.4sqi.net/img/categories_v2/shops/food_wineshop_bg_512.png,https://untappd.com/venue/1587040,V&B,3,Trignac ,TRUE
https://untappd.com/venue/3895054,https://ss3.4sqi.net/img/categories_v2/shops/food_wineshop_bg_512.png,https://untappd.com/venue/3895054,Centr' Halle Vin,3,Laval ,TRUE
https://untappd.com/venue/8628267,https://ss3.4sqi.net/img/categories_v2/shops/food_wineshop_bg_512.png,https://untappd.com/venue/8628267,Les Vins D’oleg,3,Guérande ,TRUE
https://untappd.com/venue/7190234,https://ss3.4sqi.net/img/categories_v2/shops/food_wineshop_bg_512.png,https://untappd.com/venue/7190234,La Cave,3,Orvault ,TRUE
https://untappd.com/venue/5906693,https://ss3.4sqi.net/img/categories_v2/shops/food_wineshop_bg_512.png,https://untappd.com/venue/5906693,Caves du lutin,3,Angers ,TRUE
https://untappd.com/venue/8844157,https://ss3.4sqi.net/img/categories_v2/shops/food_wineshop_bg_512.png,https://untappd.com/venue/8844157,V&B Saint Doulchard,3,Saint-Doulchard ,TRUE
https://untappd.com/venue/8832766,https://ss3.4sqi.net/img/categories_v2/shops/food_wineshop_bg_512.png,https://untappd.com/venue/8832766,V&B Évron (V and B Evron),3,Évron ,TRUE
https://untappd.com/venue/2134717,https://ss3.4sqi.net/img/categories_v2/shops/food_wineshop_bg_512.png,https://untappd.com/venue/2134717,V and B Chateau Gontier,3,Château-Gontier ,TRUE
https://untappd.com/venue/11880816,https://ss3.4sqi.net/img/categories_v2/shops/food_wineshop_bg_512.png,https://untappd.com/venue/11880816,Bières et Chopes Basse-Goulaine,3,Basse-Goulaine ,TRUE
https://untappd.com/venue/9367348,https://ss3.4sqi.net/img/categories_v2/shops/food_wineshop_bg_512.png,https://untappd.com/venue/9367348,V and B Pornic,3,Pornic ,TRUE
https://untappd.com/venue/9845956,https://ss3.4sqi.net/img/categories_v2/shops/food_wineshop_bg_512.png,https://untappd.com/venue/9845956,V and B St Berthevin,3,Saint-Berthevin ,TRUE
https://untappd.com/venue/10062725,https://ss3.4sqi.net/img/categories_v2/shops/food_wineshop_bg_512.png,https://untappd.com/venue/10062725,Vin/20,3,Nantes ,TRUE
https://untappd.com/venue/9501387,https://ss3.4sqi.net/img/categories_v2/shops/food_wineshop_bg_512.png,https://untappd.com/venue/9501387,La Cave Et Vous,3,Mouzillon ,TRUE
https://untappd.com/venue/12134466,https://ss3.4sqi.net/img/categories_v2/shops/food_wineshop_bg_512.png,https://untappd.com/venue/12134466,CAVAVIN - Angers Lac de Maine,3,Angers ,TRUE
https://untappd.com/venue/6050052,https://ss3.4sqi.net/img/categories_v2/shops/food_wineshop_bg_512.png,https://untappd.com/venue/6050052,Cave La Fille du Tonnelier,3,Carquefou ,TRUE
https://untappd.com/venue/1474635,https://ss3.4sqi.net/img/categories_v2/shops/food_wineshop_bg_512.png,https://untappd.com/venue/1474635,V and B,3,Angers ,TRUE
https://untappd.com/venue/6490650,https://ss3.4sqi.net/img/categories_v2/shops/food_wineshop_bg_512.png,https://untappd.com/venue/6490650,La Cave du Phare,3,La Tranche-sur-Mer ,TRUE